6.624312803684092588e-01,-1.257489105550813613e-01,-4.362452262511386063e-03
6.644681223051183139e-01,-1.221263510679580083e-01,-4.731885130224665163e-03
6.626664659862478990e-01,-1.255512076908034402e-01,3.611775869307139956e-03
6.693041970697856113e-01,-1.146679646567708988e-01,-3.693532334072927980e-03
6.706378605635925361e-01,-1.378767769119456088e-01,-3.992799531295110338e-03
6.731578520485617112e-01,-1.096827263101649158e-01,-3.210508248774557316e-03
6.652338713803171988e-01,-1.318571602696226586e-01,3.339671833652322740e-03
6.689523978024852768e-01,-1.142881159914022754e-01,3.390647159751908422e-03
6.730005266585553647e-01,-1.098761258016971165e-01,3.314301076760139877e-03
6.703315757248623497e-01,-1.370781606917090834e-01,3.032295748082983970e-03
6.690344223131758916e-01,-1.147444395342955975e-01,1.247827228699037970e-02
6.747446025199514974e-01,-1.414501427677412881e-01,3.068630435658623902e-03
6.704056745556903341e-01,-1.374569832247731771e-01,1.324282038557526506e-02
6.856971090903476451e-01,-9.582690462075243998e-02,-4.503308838946016961e-03
6.899907600082352266e-01,-9.148236990184988038e-02,-3.583001637837979203e-03
6.703319296128894544e-01,-1.152557479336327045e-01,2.113447227084237420e-02
6.700600813675160472e-01,-1.381757316278406644e-01,2.195362208504277046e-02
6.726763770228615380e-01,-1.107828746772377693e-01,2.125978314053286744e-02
6.891898495992612173e-01,-1.549743738245170088e-01,-4.348037925224946913e-03
6.854395614356844080e-01,-9.495595548422482157e-02,3.255519342973862973e-03
6.941932160750299285e-01,-8.635179302699164117e-02,-3.952570111586617418e-03
6.660450423943227172e-01,-1.316250375417854779e-01,3.041308798835369240e-02
6.843997252801905518e-01,-1.513480418447563924e-01,3.517818557815394383e-03
6.706167869636312506e-01,-1.155658381308768828e-01,3.042441995600602897e-02
6.746019983824934618e-01,-1.424539634559467971e-01,2.137251282708801589e-02
6.887222504770186271e-01,-1.547489796931894313e-01,4.547404197213463124e-03
6.854117909077018789e-01,-9.485922986841829885e-02,1.246037511981267464e-02
6.732002620290820083e-01,-1.109309041859797146e-01,3.031637605366028013e-02
6.938693168778625742e-01,-8.627226988668791618e-02,3.375432809089739476e-03
7.019498571897997419e-01,-7.665342255892050594e-02,-4.008985419015501615e-03
6.984238060413920923e-01,-1.635490332424715254e-01,-3.949118862691713798e-03
6.669576142959322551e-01,-1.312101222409406132e-01,3.918295910795494691e-02
6.703623565530891781e-01,-1.157824360180231410e-01,3.926072040097959570e-02
6.843404055370321259e-01,-9.537887763484147186e-02,2.145970975988700791e-02
6.891002985592563634e-01,-1.549547284484940890e-01,1.284048694299049463e-02
6.747335348895689977e-01,-1.423246146380276189e-01,3.042624346115674686e-02
6.887085153385816838e-01,-8.978748426181247522e-02,2.273287155826636541e-02
6.937960023948052113e-01,-8.623502973083178869e-02,1.207966189402442762e-02
7.016058060876995128e-01,-7.657652910963716475e-02,3.126513661855345738e-03
6.945547161777592127e-01,-1.589246641256953918e-01,2.772752862928612536e-03
7.012655109625299810e-01,-1.647421248627639334e-01,-2.638642712165980338e-03
7.119544413811043082e-01,-6.733703893866049839e-02,-5.593745793387639234e-03
6.997383783335564544e-01,-1.623988782313794399e-01,4.662424654733469780e-03
6.702100693337231796e-01,-1.157847426563030913e-01,4.821229387323743010e-02
6.837922617344016629e-01,-9.574701803235209641e-02,3.102541700203876457e-02
7.062951731126242416e-01,-7.137947713841358288e-02,3.876787684258234303e-03
6.627098834704037156e-01,-1.270602526413766586e-01,8.566269497665257582e-03
6.886630893303413714e-01,-1.551809250051804645e-01,2.202460681077322846e-02
7.162915402736546033e-01,-6.319229135770743078e-02,-5.994353896535528116e-03
6.749539217714203287e-01,-1.418235529388271465e-01,3.942811609186497313e-02
6.881629456273996581e-01,-8.938645578533511993e-02,3.069932056419789890e-02
7.088182439762201748e-01,-1.667053596499225021e-01,-2.162422632560168090e-03
6.943608079127351340e-01,-1.587110355749512536e-01,1.174117948321373034e-02
6.973976617195275507e-01,-8.009458962914843549e-02,2.172940592228186918e-02
6.743726289609939251e-01,-1.115436768487763630e-01,4.860961750692555094e-02
7.107704175435801686e-01,-6.686475806550994105e-02,3.235856697816004695e-03
7.037354009450434988e-01,-1.643972237720527363e-01,2.202547654872903313e-03
7.000911021249485167e-01,-1.622812663289314172e-01,1.272690712491339991e-02
7.054825004700167046e-01,-7.048588561389738938e-02,1.270319093450122949e-02
7.196612211386264057e-01,-5.923456622216691225e-02,-4.971018119110816487e-03
7.154038109186623418e-01,-6.294594890565467782e-02,2.853025120319846453e-03
6.888006511049404867e-01,-1.548661385350743047e-01,3.054619931061984192e-02
6.848025488915623349e-01,-9.549766002754707384e-02,3.946054618781404816e-02
6.994928377334176384e-01,-1.623770173634447034e-01,1.915329921241215594e-02
6.790503558114602267e-01,-1.061260649814485257e-01,4.818122304432333192e-02
7.239405156398847074e-01,-5.178307392655568525e-02,-2.971093760417581938e-03
7.098072638334297357e-01,-1.668065589050004849e-01,3.323063697603101385e-03
6.882513135054411091e-01,-8.864724467736871671e-02,3.945454300325351021e-02
7.104377486309864098e-01,-6.591957521423491562e-02,1.184884420033396370e-02
6.965440192725375068e-01,-7.879132695611701376e-02,3.064644095501698265e-02
7.267469782553752644e-01,-4.738889525926395091e-02,-2.718841890687421440e-03
7.045207804433993859e-01,-1.646200498681994473e-01,1.189025917118800499e-02
6.939514904017409780e-01,-1.591449326462696934e-01,2.161919248741859395e-02
7.198298586395247556e-01,-5.839758494175410070e-02,3.090020927527402719e-03
6.745331920522241731e-01,-1.120567838898711283e-01,5.767446292818294296e-02
6.847297983595238557e-01,-1.504783814463271363e-01,3.925195950296888475e-02
7.149495409095482090e-01,-6.206427775686983173e-02,1.243537892673726719e-02
6.803539618319670579e-01,-9.953125454748236456e-02,2.132111706468512238e-02
7.021077634160349801e-01,-1.641495856790234076e-01,2.033596011990179697e-02
6.918494232100572683e-01,-8.422649683131668008e-02,3.992133544810409773e-02
7.265170385029695588e-01,-4.728555506376711653e-02,1.714599960561249709e-03
6.888762731866120426e-01,-1.546259633841439718e-01,3.988957766571700481e-02
6.852638608068515325e-01,-9.549544800405600220e-02,4.846991946312106253e-02
6.887264665801143826e-01,-8.973913922651914621e-02,4.772020470836505629e-02
7.190047217921369249e-01,-5.745438210507443355e-02,1.194196660420132096e-02
7.318196092635878003e-01,-4.122601319574820122e-02,-4.057761762058907304e-03
6.935296845724764347e-01,-1.588523531713324222e-01,3.060853584569247360e-02
6.797943155105360402e-01,-9.922031213247763104e-02,1.156309944134053733e-02
6.996601609594262916e-01,-1.640512819312252291e-01,2.963762917370300898e-02
7.010004615596429067e-01,-7.547694088523625167e-02,3.950654604072195014e-02
7.178904196945521399e-01,-5.627585979618246470e-02,2.116245278704202704e-02
7.252277123735396680e-01,-4.500166947798415334e-02,1.363181260943732709e-02
7.299969932378811421e-01,-4.184120329079815681e-02,3.341817551087193205e-03
6.892049895320051522e-01,-1.545363904464511218e-01,4.817136325052959883e-02
6.867925707313765615e-01,-9.596478917838964506e-02,5.664984273885429605e-02
7.342626350892529352e-01,-3.610270395635614693e-02,4.750585357931398807e-03
6.932457416881327994e-01,-8.533265675167343856e-02,4.853990423746660371e-02
6.628079227071670410e-01,-1.279119245545335404e-01,3.980901919112322940e-03
7.431680457985020416e-01,-2.587322265754328152e-02,-1.870020621674961525e-03
6.943481409770189128e-01,-1.592653519471830259e-01,3.951262652367904665e-02
6.715087155583796541e-01,-1.171303182767804013e-01,6.359393762785132964e-02
7.249191459816716199e-01,-4.490134718282921822e-02,2.037754842351347656e-02
6.842082506865909686e-01,-1.499539243494416862e-01,5.759303762772741836e-02
7.175883198876927827e-01,-5.551986159292312401e-02,2.943578849458164740e-02
7.383865661368981259e-01,-3.167165906154026378e-02,3.221070635888795101e-03
6.804530501760001071e-01,-9.923610595858461947e-02,5.293639022058649335e-03
7.002289787144706512e-01,-1.645774689276459091e-01,3.965859334693407068e-02
6.895278763595085181e-01,-9.065405630732245590e-02,1.517560166004611188e-02
7.004772711936021468e-01,-7.633487224747695366e-02,4.880938031848954667e-02
7.218037765847521436e-01,-5.010030533972663347e-02,2.178891819107801539e-02
6.798830135817032216e-01,-1.073052663669828710e-01,7.330148764308938580e-02
7.339426469122858343e-01,-3.593522410978009646e-02,1.238788138084145896e-02
7.423405468369672633e-01,-2.628991066223910350e-02,3.343821622742363612e-03
6.704942057170396597e-01,-1.313451652420304372e-01,8.389272638693527628e-02
6.762396113376311080e-01,-1.133589804061553019e-01,7.507554304748714769e-02
6.874882349025349670e-01,-9.741994090581831967e-02,6.615503814374132374e-02
6.944793279862847557e-01,-1.588906549313197358e-01,4.844256489196912402e-02
6.893155153729507711e-01,-1.544246472290944361e-01,6.349816991215181949e-02
7.218734843053665751e-01,-5.081392496642947454e-02,2.980503019678270790e-02
7.173356952932583575e-01,-5.572722693393867416e-02,3.919002371594833972e-02
7.005209885963834537e-01,-1.645766913151490707e-01,4.871495889038833516e-02
7.384855122228171087e-01,-3.129307033879506761e-02,1.250291380225345382e-02
6.707699209402651075e-01,-1.243683989150261848e-01,9.322036562697412487e-02
6.699366764016289055e-01,-1.312055898519328134e-01,9.340827097845247340e-02
7.270857882580636922e-01,-4.678726920007425516e-02,3.204867217378140620e-02
7.511287215792623595e-01,-1.697440146179782228e-02,3.621481688049912363e-03
7.593702473754211368e-01,-8.122798148115353833e-03,-4.810983458119124680e-03
6.944522492491285171e-01,-1.586314371521908295e-01,5.761086179739061813e-02
6.881461835737112676e-01,-9.778623713797433836e-02,7.500594292938925212e-02
6.999473971871377209e-01,-1.621369901929977653e-01,5.783135053864912195e-02
6.805175479871187205e-01,-1.454581073284253179e-01,6.556963655913077005e-02
7.144735016750486389e-01,-6.129712350139475407e-02,4.801516713042038031e-02
7.635608264068657336e-01,-3.915397389268284421e-03,-4.771200286870495855e-03
6.808033759811384922e-01,-1.456356615472074734e-01,8.906598059647885535e-02
7.216519164124869379e-01,-5.149835892913538771e-02,3.961115760218419241e-02
6.672406873854744846e-01,-1.222804284393188973e-01,4.845338669474193172e-02
7.315377920753334262e-01,-4.262177432746214883e-02,2.908098573633642950e-02
6.844186041753828054e-01,-1.500100294485511854e-01,6.660983812695395190e-02
7.387203734932580312e-01,-3.230787132777449000e-02,2.181128328457361890e-02
7.555117587347305319e-01,-1.251516475699941330e-02,3.361297264218805324e-03
7.024840330374573227e-01,-1.650164615169343041e-01,5.700391093944136289e-02
6.902868705196963939e-01,-1.538631141573059691e-01,7.566668986673005803e-02
7.184880597836790228e-01,-5.682838872629640548e-02,4.845188693413398501e-02
7.517017828236273180e-01,-1.779230840965847354e-02,1.202730163276817185e-02
7.234759890811154337e-01,-5.162073581848840298e-02,3.550494338117026957e-03
7.601074140385662981e-01,-7.670006226471506525e-03,3.024863640227521203e-03
6.944621888305544388e-01,-1.573685447742097787e-01,6.617633315621110346e-02
6.903146629404608436e-01,-1.539119788599169480e-01,8.159376079637720158e-02
6.960958066055509263e-01,-8.760471560598846741e-02,7.526222444789501531e-02
7.365642245177043135e-01,-3.886358559328421253e-02,3.111962830336634928e-02
6.757178264938140666e-01,-1.403746063135703215e-01,9.328959799611254156e-02
7.083927392431211834e-01,-7.347937249155961359e-02,6.780374039656281160e-02
6.800808284775732293e-01,-1.456151191834297864e-01,5.764382783920047465e-02
7.150102714060977416e-01,-6.207666392863991911e-02,5.695855784484721990e-02
7.004367231875258115e-01,-1.617743943698883580e-01,6.616948639856146119e-02
6.672782490310866788e-01,-1.224843463751554978e-01,5.762690145079819165e-02
7.322769486359802515e-01,-4.388627861398061714e-02,3.909732335866803604e-02
7.427084312701338620e-01,-2.670919341802171360e-02,1.153849830345753981e-02
6.898646153224385902e-01,-1.546422043425341175e-01,8.620221127260851990e-02
7.430290730379168762e-01,-2.712265978830794358e-02,2.937215085074211182e-02
6.790320180245325021e-01,-1.466373395089209386e-01,1.248129036235414574e-02
7.630623765406279180e-01,-4.313459708213692942e-03,1.075291347013982400e-02
7.029932237077876067e-01,-1.653058162339550996e-01,6.604524426655017377e-02
7.273769337067291785e-01,-4.741682896712970385e-02,4.870465730325643228e-02
7.225643678736975994e-01,-5.048103437833423995e-02,1.263228894444522014e-02
7.601762145338748500e-01,-7.611523904393439725e-03,1.259619763117812187e-02
6.950407264416271769e-01,-1.577938559573810462e-01,7.538369235724459716e-02
7.193644799286785796e-01,-5.768086130424392860e-02,5.755004449149266760e-02
7.373077059382899812e-01,-3.927688574592622800e-02,3.893969347524472990e-02
6.888265443890743134e-01,-9.887368922353041711e-02,9.257412068524852045e-02
6.960922418557677904e-01,-8.815542326967672204e-02,8.415752111794298773e-02
6.717387324875118138e-01,-1.307675433236708817e-01,1.170098791690248885e-01
6.744969843683655819e-01,-1.421537468788027503e-01,1.217744761292741985e-02
7.002343669032440321e-01,-8.357159031183040987e-02,8.449992461680723432e-02
7.087162032442200221e-01,-7.388161795629230588e-02,7.576893515680031832e-02
6.857107577962032741e-01,-1.497625510261106629e-01,8.440777106294480858e-02
7.414486748009140316e-01,-3.294114228022594626e-02,3.874736101132155580e-02
7.018341188111436590e-01,-1.649188432485375888e-01,7.545942110420306159e-02
6.901696573823320469e-01,-1.536213846277580120e-01,9.351379935345971450e-02
6.745059980993320936e-01,-1.223847066612277490e-01,1.115926501207913230e-01
6.806989542450471165e-01,-1.454124282512515298e-01,7.495782144628797272e-02
7.168521202434440243e-01,-6.397752746229817822e-02,7.378800735858281890e-02
7.613377963717314900e-01,-8.683923902463494202e-03,2.117622035841610142e-02
6.710478124421863644e-01,-1.242018123320659528e-01,8.380888478031181532e-02
7.171718143070202611e-01,-6.433336326883845602e-02,7.336209548491207100e-02
6.943018545483239379e-01,-1.581965185024489240e-01,8.478196520686913373e-02
7.195902487457492835e-01,-5.865140282991547493e-02,6.672528942506708582e-02
6.892385363239637019e-01,-9.897696980654613341e-02,1.027339067575023801e-01
6.965907995424371890e-01,-8.839794777807383208e-02,9.305669500679210338e-02
7.242070615138859191e-01,-5.285761034107441109e-02,6.637059657619648334e-02
6.807364374207198754e-01,-1.452686657695442807e-01,1.126350427128804121e-01
6.808527629631009326e-01,-1.450718987193568565e-01,9.950064423810900394e-02
7.168054165314663440e-01,-6.390056318436983240e-02,8.112190147834341669e-02
6.857543505787760951e-01,-1.494554493895099978e-01,9.330875227244531112e-02
7.409571991470786934e-01,-3.404260580880392323e-02,4.855161785365451343e-02
7.008335005723892452e-01,-8.403779989031424924e-02,9.372301832270098221e-02
7.611859916756700262e-01,-8.852591999185208463e-03,3.110351701627093665e-02
6.901198181750156646e-01,-1.533135616264443835e-01,1.013579698049292266e-01
6.928097347146676688e-01,-9.441829610627948399e-02,1.025669924538981509e-01
6.938857089906433906e-01,-1.575086206448384762e-01,9.326873428525793430e-02
6.762459226048052052e-01,-1.223276939538732455e-01,1.202469367144293477e-01
7.056244186191718004e-01,-7.898428091660637806e-02,9.380516245230031969e-02
7.244796272627318512e-01,-5.280624044866573386e-02,7.520581253433285263e-02
7.087375057306521953e-01,-7.434475400043485949e-02,9.280759736009411287e-02
7.138322499956357703e-01,-6.857203957072240119e-02,8.418153698794395012e-02
7.000008979444739543e-01,-1.621995469299904180e-01,9.348994433224223910e-02
6.859371643112125438e-01,-1.491423058373485266e-01,1.022492094332306395e-01
7.409392682392502705e-01,-3.433981413377067138e-02,5.757338182629810619e-02
7.025657159496806470e-01,-1.649747306000555747e-01,9.301211724602972963e-02
7.017713702477778037e-01,-8.498818444860821442e-02,1.022148996258163411e-01
7.369634619200730041e-01,-4.031405057799560682e-02,6.632111767224034560e-02
6.826133182861610083e-01,-1.019182754423701848e-01,5.755553516463102898e-02
7.458509763173917229e-01,-2.976209657655283503e-02,5.729442423487356162e-02
6.997518549331662729e-01,-1.622288764984134435e-01,1.012274291375383495e-01
6.942630261482860554e-01,-1.577590957666134552e-01,1.024817054817247219e-01
6.928591818157227022e-01,-9.552839305685233151e-02,1.117893306826082400e-01
6.976125873802334620e-01,-8.969719125277243743e-02,1.110035999440256160e-01
7.242146741966816181e-01,-5.283829995243973648e-02,8.437773255170767650e-02
7.063006485313434446e-01,-7.939325311039630018e-02,1.016520380700042664e-01
6.855485070234842437e-01,-1.490981274025431624e-01,1.110723872151465758e-01
7.413620014886254106e-01,-3.465478544934074562e-02,6.620178381114358301e-02
7.501387504627244907e-01,-2.512429918691171798e-02,5.737359824030714706e-02
6.911246714821718262e-01,-1.015806696748212251e-01,1.204771915139399435e-01
7.018241345872217041e-01,-1.648612579082676111e-01,1.021132067782235947e-01
7.094162253868181445e-01,-7.514781684031446307e-02,1.023314541570466002e-01
6.759009947088131520e-01,-1.408001023508714256e-01,6.631014548502803252e-02
6.992291293316736933e-01,-8.275913511050728144e-02,6.830898760399743697e-02
7.635117390795819192e-01,-1.207995629855066096e-02,4.853197937689718300e-02
7.023407748143684071e-01,-8.517951912433502359e-02,1.111457521563903456e-01
7.293096158415356411e-01,-4.854293681820553291e-02,8.483917479851013632e-02
6.817192079324080334e-01,-1.016026898101400344e-01,4.903367115708650442e-02
7.462999410493539321e-01,-3.031284139851068288e-02,6.680166850089333530e-02
6.904551645545677907e-01,-1.533805035552571472e-01,1.204920542350996077e-01
6.980561762074045662e-01,-9.021600728948594994e-02,1.186865360217330689e-01
6.936686134515315239e-01,-1.591234670822018193e-01,-3.997997768982550909e-03
6.688983971051483124e-01,-1.224927445491307415e-01,6.628053811166269293e-02
7.322750124720212028e-01,-4.358273514551061489e-02,4.847116551500046944e-02
6.775162412745738827e-01,-1.224751921531115478e-01,1.383522224772694709e-01
6.662468827691596651e-01,-1.223696618782268292e-01,3.023957050659909634e-02
7.337085530006205447e-01,-4.479109866737855661e-02,8.505074570602404183e-02
6.851821447737960202e-01,-1.488684509976283266e-01,1.203304697084893182e-01
7.421962030186418646e-01,-3.556725973807264851e-02,7.486956511769990441e-02
7.591939639099728465e-01,-1.611927883947949711e-02,5.760855136324232600e-02
6.995653796569634153e-01,-1.621814800859737726e-01,1.136768160181445969e-01
6.804233991334543985e-01,-1.173861814271965343e-01,1.381500937749228497e-01
6.990291256779532780e-01,-9.130217178382302179e-02,1.242349690915687255e-01
7.065166617474959443e-01,-8.015516041217567167e-02,1.114616839968640416e-01
7.032368121808130201e-01,-7.772667392367207939e-02,6.635517885359989987e-02
7.223540941389385850e-01,-5.967238879970995780e-02,9.324841639731513976e-02
7.505534961865092392e-01,-2.591320210902597204e-02,6.614562936655792036e-02
6.912965074626431505e-01,-1.025653218342789663e-01,1.295410879813235772e-01
7.286325372144850654e-01,-4.845290682518953174e-02,7.520201905782743224e-02
7.629978280179977590e-01,-1.176128107929129418e-02,5.854862219131758833e-02
7.643086092930785336e-01,-9.649359189519696525e-03,5.743070406430935554e-02
6.805061762771795753e-01,-1.176952625733622276e-01,1.448004739460155843e-01
7.550646652728271180e-01,-2.138444423344773235e-02,6.650572519377478953e-02
6.679540530995672354e-01,-1.316607485814366152e-01,4.822433332856453092e-02
6.747532609922753943e-01,-1.313918371710636468e-01,1.472130636536535808e-01
6.817461882582458443e-01,-1.016177204030610792e-01,3.961486654944396113e-02
7.467644814659043506e-01,-3.105097688437472719e-02,7.552410445924574722e-02
6.951125994632352256e-01,-1.570233315614244229e-01,1.201318985836609954e-01
7.022653136161971510e-01,-8.600297042070616238e-02,1.206686191941662156e-01
7.016173554957111369e-01,-7.669976752417217991e-02,5.761114988096011774e-02
7.227999660409828442e-01,-6.042377358897826206e-02,1.023430243327937139e-01
7.512003984256170330e-01,-2.625906485087358203e-02,7.550793109654395374e-02
7.594776140987367086e-01,-1.718379820858203719e-02,6.577288907111612792e-02
7.033919219260461597e-01,-1.659726371022086922e-01,1.118096701549853023e-01
7.122296378269857842e-01,-6.853231896788392064e-02,6.634227322535600491e-02
6.882618275056558987e-01,-1.071869089377030099e-01,1.383735847259610352e-01
6.954934197302178323e-01,-9.613060420990043875e-02,1.289715703273604519e-01
7.066820500847084130e-01,-8.040742245388118881e-02,1.206365633223556305e-01
6.702069818400645529e-01,-1.234240644444979385e-01,7.521303642359762620e-02
7.325849029890223463e-01,-4.360061394598092888e-02,5.744695315021900589e-02
6.775995099390966780e-01,-1.225569643230567940e-01,1.471832163844169761e-01
6.998284925140655366e-01,-9.201472689958470341e-02,1.304635768778654448e-01
7.004929397697520210e-01,-1.615734366904963415e-01,1.205188278471116259e-01
7.653897176885164910e-01,-9.988381227241669227e-03,6.496041131436929017e-02
6.858536697752094513e-01,-1.484129160464848496e-01,1.383300601799204721e-01
6.719474309682909041e-01,-1.358017642581419437e-01,7.895120805487687576e-02
7.263124108255896161e-01,-5.552394214399969385e-02,9.632032309450380692e-02
6.918397258612593026e-01,-1.025409968983789916e-01,1.384599305193269791e-01
6.812725268993163885e-01,-1.009310271283702515e-01,3.141697634841427583e-02
7.469529217342419924e-01,-3.176516596014097166e-02,8.444956671188079411e-02
7.560271989404102611e-01,-2.184894383618761135e-02,7.525419003278860375e-02
6.679216003566581517e-01,-1.314878276479611308e-01,5.725485207511538804e-02
7.341027789221659106e-01,-3.608638064338036411e-02,2.026796364184104554e-02
6.749687349650593804e-01,-1.315825084902127184e-01,1.563737639962534398e-01
7.105426181598007984e-01,-7.601438136274632495e-02,1.212631360659387758e-01
6.821436575764443511e-01,-1.442179594075680138e-01,1.479088277044665056e-01
6.755516173771026756e-01,-1.405330070378026930e-01,8.443327134260478206e-02
7.315608400367069608e-01,-5.094578725690680071e-02,1.019995012596295741e-01
7.516218763881237219e-01,-2.687950700321556710e-02,8.358165026221114902e-02
7.608844169966599846e-01,-1.796555514286140090e-02,7.495829386843044784e-02
7.051366796377400714e-01,-1.655897999264737686e-01,1.201247249413367746e-01
7.081983458887176619e-01,-1.004489904311443443e-01,2.050815021490689505e-01
7.313886638071206425e-01,-6.908406526857258090e-02,1.924544160574267193e-01
6.883127175812704390e-01,-9.825845061291095528e-02,8.445410894641802724e-02
7.050154266485451071e-01,-1.478654903038746637e-01,2.060700495875910920e-01
6.972006968448345443e-01,-8.931586448250365684e-02,1.016359612976012045e-01
8.188683895200252749e-01,-6.311127464011821731e-02,1.896915430657387658e-01
6.707635189907901196e-01,-1.305438053143646582e-01,1.019646379131272235e-01
6.750100034490015277e-01,-1.312797241942320337e-01,1.656414876841839634e-01
7.459900146761641038e-01,-4.815420900923132047e-02,1.749868801939663820e-01
7.032996871018011298e-01,-1.223127443845740542e-01,2.107817092531936165e-01
7.465016868693030716e-01,-1.048814507032711368e-01,2.075578777328043745e-01
6.790782249147437888e-01,-1.066957672485679826e-01,6.625574903826765560e-02
6.921091155415073359e-01,-1.525521363348247006e-01,1.839720410714378029e-01
7.095483421772880162e-01,-7.560830184382204278e-02,1.116380579577255505e-01
7.721118333609574558e-01,-8.457219278075778224e-02,2.060649191128068602e-01
6.669169292265919591e-01,-1.230486816454772064e-01,3.931239513895851134e-02
7.033282282529769169e-01,-1.133459740171641472e-01,2.096916289015277879e-01
6.858766928529179685e-01,-1.488955817471135090e-01,1.291688392343801617e-01
7.428247769932686539e-01,-3.606371695093064239e-02,8.392558970518276817e-02
7.034154050413992110e-01,-1.314861434158715037e-01,2.108882771127239264e-01
6.796160950663957534e-01,-1.468993611825085976e-01,4.007171686357896209e-03
7.643682673890556112e-01,-3.531629433222644061e-03,2.131605848942355608e-03
7.273377216075500584e-01,-7.460175309509127495e-02,1.936325588756419303e-01
7.092723594134336951e-01,-1.688011775109030943e-01,1.382353627565449383e-01
6.795339063963582449e-01,-1.461450134689359359e-01,3.925221507808178412e-02
7.138731888855671670e-01,-6.025210004717468371e-02,3.959414661571812599e-02
7.640821888000771667e-01,-8.501790028238573327e-03,3.908201675181208895e-02
7.198894091591285793e-01,-1.726467336269839892e-01,1.923139725079739959e-01
7.188037604999367725e-01,-1.702734899405972391e-01,1.929813749542996781e-01
7.365192958948889590e-01,-3.938303489005687968e-02,5.785853409683804072e-02
6.815244565594201775e-01,-1.440546364041826455e-01,1.382621194299014922e-01
7.935934313935268936e-01,-4.109016791841237776e-02,2.019338072147310315e-01
7.246207638799563311e-01,-8.034417972856791601e-02,1.994047228059311894e-01
7.156889416386410518e-01,-8.990826118121073018e-02,2.002494639823484135e-01
6.823593677969382876e-01,-1.290580984826482924e-01,2.018512525009683867e-01
7.110555823333112313e-01,-6.747056392991587770e-02,5.779890885601475514e-02
7.505848816711564453e-01,-3.482442028173454718e-02,1.293028689794839259e-01
7.572224929646071967e-01,-1.435585067219604695e-02,2.102667828009066597e-02
7.148540527426834323e-01,-1.645068427800205901e-01,1.998808299774036679e-01
6.981664987393962907e-01,-8.109330168534098493e-02,3.706855284165390656e-03
7.044151495621652215e-01,-7.829257592109260810e-02,7.533966827421183232e-02
7.718184737404251150e-01,-2.001260895339652263e-02,1.656804027716734240e-01
7.983223434677908514e-01,-3.637867224556991241e-02,2.028059617057023645e-01
7.124862917748141511e-01,-1.131727017466619967e-01,2.112865100711389943e-01
7.121175783704865037e-01,-1.043025367703775963e-01,2.107272978966192867e-01
7.333504698066923844e-01,-7.125753220974180568e-02,1.997323014266539354e-01
7.514684146229866357e-01,-4.464279438075638429e-02,1.820689549030836962e-01
6.857808259407638385e-01,-1.392197876737355788e-01,2.091548117102385584e-01
6.917889787681031910e-01,-9.345701373690266933e-02,7.517748005503745168e-02
7.401327203377762176e-01,-5.989349808816026022e-02,1.921981744245092050e-01
6.987100347847379211e-01,-1.633407313205104128e-01,3.838009643733290149e-02
7.664041171395712393e-01,-5.925552597976320446e-02,2.054968080758083626e-01
7.704877093993526271e-01,-1.899847741180815675e-02,1.433873851040906588e-01
6.841842170048215710e-01,-1.509325878853419733e-01,3.032561816381949479e-02
7.446768598753242818e-01,-5.591712288114605856e-02,1.948181650808538667e-01
7.034523956266153233e-01,-1.406648094085076739e-01,2.085415357747273657e-01
7.876955471252493624e-01,-9.014292410778296238e-02,1.958210804124831950e-01
7.550788285653581289e-01,-3.000885534822535575e-02,1.201967227230444080e-01
6.713157595720580240e-01,-1.365400762210980390e-01,6.541172291239083503e-02
6.778979812727206067e-01,-1.397316298898871045e-01,1.472177999636534174e-01
6.917589256531567754e-01,-8.487773455967478897e-02,3.041288447461318670e-02
6.909768094820319950e-01,-1.533916989395986696e-01,1.298880625039936787e-01
7.225080791167719507e-01,-1.426812934917365550e-01,2.053447254835491231e-01
7.674239886723843718e-01,-2.544290845040672253e-02,1.737531487720560264e-01
7.439663570193263409e-01,-3.718471967108534504e-02,9.677449374048940900e-02
7.745327121425334971e-01,-7.726269483331717203e-02,2.050783809553695103e-01
7.343791053927648527e-01,-6.344485725689401334e-02,1.830750832946287376e-01
6.739082310267195952e-01,-1.112861141099836804e-01,3.962089479217412863e-02
7.292938062332808835e-01,-4.039419234560055749e-02,1.266936498728472166e-02
7.208916222197214729e-01,-9.536836008593994884e-02,2.102959398676083891e-01
7.456750678125263487e-01,-3.895351569659270125e-02,1.206489767853669154e-01
6.794967555565717410e-01,-1.463481797397208350e-01,3.048241189433012824e-02
7.627474462618074602e-01,-7.400752604458327166e-03,3.234983920391604206e-02
7.293806325817751013e-01,-7.668918038870767284e-02,2.021713212651410629e-01
7.090362009473689664e-01,-1.685825467733806649e-01,1.469522380587801880e-01
7.525022263743862405e-01,-4.541007320354812499e-02,1.899512762680553857e-01
6.851642188984473636e-01,-1.497196460587398303e-01,7.516520259830593298e-02
7.399447546362305506e-01,-3.268472364674408770e-02,3.041218701700691002e-02
7.393465089604187579e-01,-1.134955531479355795e-01,2.082066549323484950e-01
7.210372495832253481e-01,-1.136634883581409405e-01,2.106558818757736928e-01
7.069463280958196982e-01,-7.296812297639562739e-02,6.223163778532248003e-02
7.782088511138255393e-01,-1.749479579532793941e-02,1.924478406701358446e-01
6.982382244364961910e-01,-8.119236848566063758e-02,-4.187573164247498404e-03
7.047073850950738017e-01,-7.926306095802650165e-02,8.408727762021964147e-02
7.726767271773553603e-01,-2.108066889752234149e-02,1.742913484514627964e-01
7.207833725132259950e-01,-1.674141478576651465e-01,2.019995124048804824e-01
7.573148586875140253e-01,-1.135323175938305895e-01,2.048043920535426166e-01
6.790076827445791219e-01,-1.063013469590215476e-01,5.705451813268912903e-02
7.237372609687114933e-01,-7.092474734161792471e-02,1.733458962748783416e-01
7.446984559854670227e-01,-3.765955027312845038e-02,1.133814222839918673e-01
6.791510503370493668e-01,-1.464355462705630717e-01,2.145023220284660373e-02
7.137006471476502467e-01,-6.055975203182555749e-02,2.168399474425465601e-02
7.626436372685622134e-01,-6.729661755076342226e-03,2.082574278378273441e-02
7.317108179935132295e-01,-7.940442100524283675e-02,2.068330933040361252e-01
7.249214457154662394e-01,-5.382175484809730015e-02,9.084713721022096011e-02
7.086506390911703201e-01,-1.682017492170661266e-01,1.564498194345208537e-01
7.050729222266867158e-01,-7.030457475392470901e-02,4.844003732920661165e-02
7.750357553788743692e-01,-1.743827344113396682e-02,1.738726828018215820e-01
7.046437274555708008e-01,-6.953550447658000955e-02,3.062410794928641447e-02
7.233741160426655492e-01,-8.838958813473020426e-02,2.074223983147338579e-01
7.749828094323594208e-01,-1.672643354143570418e-02,1.559943573916080239e-01
7.420848591353480517e-01,-6.187009444235656852e-02,1.994966818017490096e-01
6.796420510586970165e-01,-1.464514495526700322e-01,-3.742069439097111747e-03
7.095545251111644580e-01,-6.572658492485092263e-02,3.872060093639125705e-02
7.506390150391906158e-01,-3.551727125567372828e-02,1.472434632954184031e-01
6.811639652443945980e-01,-1.272597214227625395e-01,1.850689739860979510e-01
7.482409399371642289e-01,-5.065710837173065945e-02,1.923603836508491760e-01
7.574257634749462786e-01,-1.437440196034037339e-02,3.056140999329722344e-02
7.124404810826910905e-01,-1.661033138680211296e-01,1.926444280842313228e-01
7.719324241265577147e-01,-1.977358364140219954e-02,1.565310613160580400e-01
7.514628123985244157e-01,-9.297127585231014513e-02,2.050186559489370342e-01
6.912339583360646023e-01,-9.251148834358513540e-02,5.944609571286598587e-02
7.298461735515540116e-01,-8.632148470463664458e-02,2.085958651997912028e-01
7.158156361967958903e-01,-1.445004275881351108e-01,2.056996287105830878e-01
7.354599983060727819e-01,-4.602792959541467110e-02,9.707234031379874395e-02
7.307804949149431240e-01,-1.496522810632920364e-01,2.043824396479821115e-01
7.309073028900451297e-01,-1.410522226774285903e-01,2.053251329059915531e-01
7.047370335058035229e-01,-6.960609630751869725e-02,2.192807976193686045e-02
7.743602044002286799e-01,-1.610384614141003798e-02,1.471087218530362783e-01
7.302634408786237152e-01,-1.043087633089710559e-01,2.109534893902670905e-01
7.408759006052719753e-01,-5.237853469668413142e-02,1.739204015065990150e-01
7.512989110307695118e-01,-1.705846841845776868e-02,-5.010788717383180164e-03
7.696714925232424065e-01,-1.822482784705241679e-02,1.365901129877629128e-01
7.218274900284153972e-01,-1.724889180856839233e-01,1.989725742596788471e-01
7.359234847395020873e-01,-1.347628482388896209e-01,2.057289236521551989e-01
7.127062434967116333e-01,-1.501577863195927842e-01,2.053310925238528151e-01
7.463090916772798789e-01,-3.972595054093376599e-02,1.385394755325582428e-01
6.904137981143185776e-01,-1.531905920595026116e-01,1.116463702070217279e-01
7.394447906642032109e-01,-7.760201154084059305e-02,2.071636515508540055e-01
7.622444031941281173e-01,-3.744248412337085330e-02,1.955852277181481524e-01
6.888614830799020261e-01,-1.166437993671709389e-01,1.919281730681514919e-01
7.551111470499650702e-01,-1.258282337831398250e-02,-5.355159669388215825e-03
7.392890948623718206e-01,-9.538501825364591180e-02,2.086329104257423905e-01
7.328495182515821771e-01,-6.145884478936487760e-02,1.733478011332788560e-01
6.898122719181918328e-01,-9.041373573903799254e-02,5.177789827880381786e-03
7.006134741887866113e-01,-7.575800737236786098e-02,2.069726506515639358e-02
7.734616793947723945e-01,-2.162068345151205162e-02,1.836506675893205542e-01
6.627255417636840340e-01,-1.253668916693818913e-01,8.497629778286183364e-03
7.374702518810596352e-01,-1.483105913419439925e-01,2.044236894995831166e-01
7.128711487887330334e-01,-6.895591899967765115e-02,9.391944371666947899e-02
7.215858621070033729e-01,-1.495815141326035103e-01,2.048395413279699151e-01
7.101722705297875970e-01,-1.668331286443310024e-01,9.616668987998103560e-03
7.394902536585457042e-01,-1.314714932821289817e-01,2.063161601504324705e-01
6.902295029442964136e-01,-1.096207373245638994e-01,1.581384963754515205e-01
6.895284159700180160e-01,-9.926909787782962902e-02,1.086026222852973094e-01
7.023205455493503058e-01,-1.507128103302096678e-01,2.050179215603249172e-01
6.712704003447900192e-01,-1.308852199468866218e-01,1.112562907189182521e-01
6.771459819159508786e-01,-1.313913206024300284e-01,1.741664937523305645e-01
7.236739937227749664e-01,-5.255786713104199787e-02,5.696094677672133150e-02
7.834067176676132727e-01,-1.006718454895526582e-01,1.962138459000596080e-01
7.473091421809516799e-01,-6.515150245046658073e-02,2.052062558663754477e-01
7.462572662134702162e-01,-8.582325175064503542e-02,2.070274893696780194e-01
6.644447477598331986e-01,-1.211609658250264038e-01,3.236211228001704444e-03
7.171597674093441732e-01,-9.172514900447578667e-02,2.057559387805785733e-01
7.174844203369059592e-01,-7.361002003251081172e-02,1.488054456891690913e-01
7.752595054938308250e-01,-5.954203568201733854e-02,2.052820513324715435e-01
7.222332094464347652e-01,-5.209226361133163785e-02,4.834092227287321852e-02
7.822431947700357879e-01,-1.027587596402733811e-01,1.980293399828175760e-01
7.290870037092864742e-01,-1.371541350537148485e-01,2.059454494891654053e-01
7.614430225207785563e-01,-1.835471981143739842e-02,9.059172092572091717e-02
7.570197385196236750e-01,-6.867616966821926683e-02,2.063638415766231582e-01
6.844560089446061202e-01,-1.042654427797112815e-01,9.343332260615465346e-02
7.037761010301953890e-01,-1.571379838193571743e-01,2.006680760454108148e-01
6.781676707670218907e-01,-1.398794057541543345e-01,1.740859721177287489e-01
7.376580594545478764e-01,-1.377266882150754712e-01,2.059457619355849478e-01
7.841836069252072772e-01,-3.254920136350764048e-02,2.024350954366195554e-01
6.957970615445103757e-01,-1.569711236840801716e-01,1.293265789277998901e-01
7.120686596791702128e-01,-1.405449394115128037e-01,2.077365025963986700e-01
7.360775282828018184e-01,-6.531632340384553592e-02,1.948891205200529997e-01
7.419436111016699531e-01,-4.426887352004343218e-02,1.384015362121391590e-01
7.600984125717840101e-01,-3.513737430936503953e-02,1.826052456119746092e-01
7.840543652086890969e-01,-5.949525804846363813e-02,2.040269830578738119e-01
7.131446911024024171e-01,-7.781232709743507447e-02,1.469028887541991291e-01
6.814832215712935959e-01,-1.445357562076649283e-01,1.299377760360879153e-01
7.383262698171012550e-01,-4.013743974854149660e-02,8.431364392278210829e-02
7.230475484699663280e-01,-7.888976761013707928e-02,1.919616984057090359e-01
7.664198358155470681e-01,-1.048371127176814938e-01,2.028380130321931762e-01
7.210139035593003953e-01,-1.043482196659520772e-01,2.122923572137207227e-01
7.507933744801342790e-01,-8.797638460178142106e-02,2.050811265473208855e-01
7.652637810874157731e-01,-6.690588253926847695e-02,2.059731917127265166e-01
7.791857219294682224e-01,-1.810102953597921352e-02,1.983993111006938093e-01
7.213750081190685171e-01,-1.313675635622377769e-01,2.081090993374942189e-01
7.303462423610549425e-01,-9.511148837593931538e-02,2.102495775470409889e-01
7.930547262628815375e-01,-9.464002086607523068e-02,1.931041450358360889e-01
7.264186212694642153e-01,-8.220923463140199228e-02,2.048595857916525598e-01
7.279065156085823274e-01,-4.707094598115645068e-02,3.927881009388994871e-02
7.520658579638025421e-01,-1.879330731019070513e-02,1.874402883483320889e-02
7.814989922793320609e-01,-9.308052395877988716e-02,1.976169113130448463e-01
6.902652814197947073e-01,-1.093399671785631466e-01,1.651873817757099905e-01
8.056865412736211596e-01,-8.369731342359727766e-02,1.864711201143425534e-01
6.864709950717802212e-01,-1.226846715606657590e-01,2.013085771422094550e-01
6.996477659208104605e-01,-1.620800567319902741e-01,7.492283925153921109e-02
7.315659144230934885e-01,-1.353449005942974070e-01,2.056367877221435825e-01
7.264369799272600847e-01,-6.477313558465401522e-02,1.555718279486162647e-01
6.930280782002233853e-01,-8.575289605318564545e-02,2.104904855293789068e-02
7.747979767896562286e-01,-3.211241510940192334e-02,2.025772018309145439e-01
7.199697129089122072e-01,-6.807049622432727320e-02,1.291555328653518353e-01
6.913572433784944682e-01,-1.527229993734862679e-01,1.655130743311981623e-01
7.139750325509629514e-01,-9.689759730700739371e-02,2.080833346353283542e-01
6.816325931649883652e-01,-1.444735319377649374e-01,1.653183473411874438e-01
6.891962798240934829e-01,-1.547508380048382148e-01,5.743676422551615562e-02
7.430347346544624587e-01,-2.695188568873950474e-02,2.185928067291957946e-02
7.397106842226766066e-01,-1.227164103324276806e-01,2.071901609687976931e-01
7.936000723238066934e-01,-4.986929424296277641e-02,2.011940144302714895e-01
6.877545449186950322e-01,-1.473137536039469675e-01,1.919956903734335862e-01
6.819167958093407256e-01,-1.439330362709378419e-01,1.563323605319544285e-01
7.770116989088166060e-01,-7.635805557489463991e-02,2.059411783501709226e-01
7.345694983072403872e-01,-6.388478308790609961e-02,1.898293730586374517e-01
7.660979706656614319e-01,-2.448678401394858983e-02,1.654946246469438387e-01
7.503193354523691738e-01,-4.339007040795693493e-02,1.737459965735446421e-01
6.851839393654303167e-01,-1.225713334497158941e-01,1.922892218450050483e-01
7.153407497521052649e-01,-8.049355928487873790e-02,1.735491742744310895e-01
6.778357127518863656e-01,-1.397076237189095460e-01,1.655172156607698786e-01
7.207706283607995257e-01,-5.942994379626020257e-02,8.474839984855328523e-02
7.571966371957049580e-01,-5.018840081977506140e-02,2.023987461756963924e-01
8.025981556521112337e-01,-8.710527120777022958e-02,1.904513926073473085e-01
6.654669136056036161e-01,-1.312602324122161268e-01,1.219543262886951807e-02
6.780817347785949023e-01,-1.317110729308085537e-01,1.834561856878363373e-01
6.946004947970564336e-01,-8.688724448394341549e-02,5.705845829887448012e-02
7.660701358130497240e-01,-8.632193744589052031e-02,2.053487882008010468e-01
6.704725321166188357e-01,-1.164963458541571767e-01,5.724321697446056040e-02
7.209411343930614002e-01,-1.384007519746487946e-01,2.064642597788088896e-01
7.727783954097521280e-01,-1.416993043375262482e-02,1.327462824844992950e-01
7.208072778259718705e-01,-8.578088459412537559e-02,2.018766592042749164e-01
8.091158910616527145e-01,-4.457028346419776577e-02,1.995307756415991840e-01
6.776523489119711252e-01,-1.050302417998922877e-01,2.982806337419038542e-02
7.254850881468152268e-01,-7.284680809847327021e-02,1.801469766018183039e-01
7.443190908033605613e-01,-3.734686872411679959e-02,1.045174138232054517e-01
7.568209228155730051e-01,-2.245979829993999602e-02,8.456184247442229129e-02
6.899346233525940342e-01,-9.166335217598858831e-02,-7.099732431473659844e-04
7.391227885522876351e-01,-4.101064980987929182e-02,9.354205949405261511e-02
7.593542526158960637e-01,-3.391791983509132025e-02,1.741029145646559029e-01
6.960801846555824124e-01,-8.667899386853433752e-02,6.620805356243453232e-02
7.655018432740215983e-01,-8.569142874650961805e-02,2.060224446734683912e-01
6.864102569009891130e-01,-1.482857774798055084e-01,1.471538227022039791e-01
6.986802745089355504e-01,-1.636676640958333317e-01,3.290712055455510821e-02
8.091509085896340103e-01,-4.977749556429446331e-02,1.994690016855393544e-01
7.937887570071603394e-01,-5.974761963832980055e-02,2.006537172901614319e-01
6.942408201977632309e-01,-1.135387930793746586e-01,2.015593159445175087e-01
6.779331939062354095e-01,-1.402473802986212159e-01,1.292452593734808308e-01
7.296862211703182277e-01,-5.020837218476827818e-02,9.375273534324445046e-02
7.582630256169138327e-01,-7.764744500450940223e-02,2.045546037891121660e-01
7.135051238588995259e-01,-7.038855034946707445e-02,1.017374837393634768e-01
8.043657705240696565e-01,-6.719245180067660861e-02,1.949848475448763829e-01
6.852069853741954431e-01,-1.504736491247152808e-01,4.835321419121433456e-02
6.910795343749280839e-01,-1.101712208024867579e-01,1.754775732253562592e-01
7.351271056739202558e-01,-3.709381183673589322e-02,-2.769727258186471808e-03
7.670905090952900851e-01,-6.887683976307118483e-02,2.053341079646100742e-01
6.837855761273028410e-01,-1.224005503376178194e-01,1.833926631587183276e-01
6.945643169635928871e-01,-9.540572774250320742e-02,1.202697762609968302e-01
7.105622076135830190e-01,-1.466976061961540179e-01,2.060783124813881373e-01
7.282856250147941024e-01,-4.834415608347067406e-02,6.612016481694582559e-02
7.641024191788371445e-01,-1.293266968518606841e-02,6.683662923936176115e-02
7.494334912967304252e-01,-4.206568510334954270e-02,1.651399302784611611e-01
6.809096369675720073e-01,-1.449850345383301709e-01,9.366866936534945509e-02
7.368834498023691948e-01,-3.902534652331702408e-02,4.812596295915598510e-02
7.393923848783597874e-01,-1.046216764219430745e-01,2.084452712363413784e-01
7.924982093075618739e-01,-6.720909025341639809e-02,2.009249865754391406e-01
6.816135900442978901e-01,-1.281513131283549822e-01,1.932481851164513653e-01
7.789161708824141606e-01,-9.905146916092363862e-02,1.965554017249389607e-01
7.943825424269956859e-01,-8.897381501464289577e-02,1.928796046191068037e-01
7.350560906004739437e-01,-1.543938142264921765e-01,2.044081378789032177e-01
7.562010020117229114e-01,-1.335613901054456647e-02,1.287083037421090856e-02
7.483964295162202074e-01,-6.949890287982862791e-02,2.066642732001953420e-01
6.710229138625150025e-01,-1.255331738153830645e-01,1.007084867357469354e-01
6.801801542541106027e-01,-1.261833832702001224e-01,1.732792004984916867e-01
7.019726725302216641e-01,-1.650136916521318664e-01,8.434271128625438207e-02
7.657330779282511823e-01,-9.510614596572490587e-02,2.036587343982912135e-01
7.678668570134077331e-01,-3.361923860075500398e-02,2.000889259486798022e-01
7.478079052713400010e-01,-3.234069819271312429e-02,9.327899969286684856e-02
6.917517795278420589e-01,-9.301205793824382506e-02,6.645422824624180880e-02
7.386290205191656799e-01,-5.883198271792230288e-02,1.834267626513259586e-01
7.204179626193694119e-01,-5.944031628720403831e-02,7.493800288186323877e-02
7.537756900911949387e-01,-4.657065488616286830e-02,1.952222992670995805e-01
6.853672183073296065e-01,-1.047475908369080028e-01,1.023906819641626637e-01
7.622401954270150437e-01,-2.853037077933010326e-02,1.567569460395965286e-01
7.807614495221687489e-01,-1.831582258929603801e-02,2.006614696559286259e-01
7.587705943235396600e-01,-1.671137359488018143e-02,4.797764417462081765e-02
7.112379868173903663e-01,-1.693583375845380268e-01,1.745111875584080263e-01
7.850838892101514865e-01,-9.652491895903020369e-02,1.954458228853998558e-01
6.901527104054573369e-01,-1.446847764254971802e-01,2.047519526298466341e-01
7.612803158515308866e-01,-1.835108483597624324e-02,8.466210869282848883e-02
7.141104728491810549e-01,-7.029168179222615442e-02,1.113162036416003864e-01
7.999507712019170436e-01,-6.587305996979973821e-02,1.975926705113468795e-01
7.469634871331822801e-01,-2.236372082707403786e-02,1.227712753203792119e-02
6.830180001824456282e-01,-1.121785991189495485e-01,1.207681792497340423e-01
7.657592952868801373e-01,-2.436724230646898290e-02,1.559935895423064656e-01
7.065720424475905315e-01,-9.884708806455298757e-02,1.993885861360255030e-01
8.114183686263979345e-01,-7.701424130381399891e-02,1.894046261364570050e-01
6.880941987637111401e-01,-1.461813999919505946e-01,1.995912841344407718e-01
7.053779671145616881e-01,-7.038730454618367938e-02,3.875280241575181778e-02
7.738165897748312538e-01,-1.715855003461058681e-02,1.659233457518831945e-01
7.892079393597712933e-01,-2.705508930234700252e-02,2.026914650062340839e-01
7.086964852957187144e-01,-6.507224027569932789e-02,3.123117874620365969e-02
7.524346269386436026e-01,-3.666985429778526345e-02,1.551553240956351776e-01
7.755359029185480146e-01,-1.046690789217808865e-01,1.997244923131171468e-01
7.752323950996030666e-01,-5.036797426447937875e-02,2.043301292092746524e-01
7.045837736855671274e-01,-8.705900271848190930e-02,1.469856393454728183e-01
7.539815141981421887e-01,-2.900457199294226990e-02,1.119443720923060104e-01
7.304615288870539569e-01,-1.223986732205291500e-01,2.084187843671869989e-01
7.401327046414303279e-01,-4.180762734771663325e-02,1.113741830772816549e-01
7.613247711330607403e-01,-3.623474570358091451e-02,1.902795040407853910e-01
7.533498495179261623e-01,-1.956086369676905690e-02,4.096066694592851581e-02
7.122958818031858153e-01,-1.590073381579175382e-01,2.025148459978885207e-01
6.856213287986256955e-01,-1.484468297976195283e-01,1.655858583932855177e-01
7.530881824823486559e-01,-2.824476770313914809e-02,9.715093478618153089e-02
7.501088999111256150e-01,-5.246127073237230598e-02,1.995543675076771051e-01
7.732136907705146056e-01,-1.111797227255322262e-01,2.009342327686901297e-01
6.864857046375859584e-01,-1.483836238863234791e-01,1.561656647055133518e-01
7.756894599718806571e-01,-4.116970194133794114e-02,2.034846682029157194e-01
6.749706328107685227e-01,-1.420851558776490275e-01,-3.011829030458939779e-03
7.077213297769939793e-01,-8.177251627085840857e-02,1.301046244843084287e-01
7.749188438493923581e-01,-9.525154442285052592e-02,1.996636183447043633e-01
7.427052865532725034e-01,-5.375626670271442531e-02,1.827047233141976812e-01
6.843975323455026016e-01,-1.511871696292398648e-01,1.226022442619715928e-02
7.665130711120146101e-01,-6.009756105458758518e-02,2.058974511101374638e-01
7.526914136505680197e-01,-7.950467505883564157e-02,2.054754580717188250e-01
7.548342225523417826e-01,-2.075790805167971459e-02,5.743185230910917427e-02
7.723234774251670487e-01,-5.821279080589025767e-02,2.058387311706499079e-01
7.072142268075042315e-01,-1.635246865115601578e-01,1.905700176522157618e-01
7.096474345669356865e-01,-6.521261330741666418e-02,1.999961564812310216e-02
7.789098819069141255e-01,-1.001530594364744564e-01,1.964442977873969154e-01
7.356484317526117422e-01,-4.671138116582910366e-02,1.123059010895796489e-01
6.952143241614985314e-01,-1.581517843012398006e-01,1.111648226796408678e-01
7.422681279623911665e-01,-7.120114446825580312e-02,2.061971347024481871e-01
6.995535239899641766e-01,-1.624107109559582984e-01,8.468726464298224899e-02
7.273760362565205861e-01,-6.521813489469206748e-02,1.663440965493991897e-01
6.828984860201389173e-01,-1.219081207015815516e-01,1.748871525955207340e-01
6.751376936553867836e-01,-1.415893068385643550e-01,4.850647842405481081e-02
7.921929972416843491e-01,-3.322931155806980313e-02,2.023420470040493968e-01
6.767920027479291667e-01,-1.136114946516205149e-01,8.431559246304531907e-02
7.578050101359327106e-01,-1.048462794359057981e-01,2.050882903974283744e-01
7.476582557583599797e-01,-1.136080086824762525e-01,2.070997870298801613e-01
7.533899740354800256e-01,-1.138977339364518199e-01,2.059246007697182745e-01
6.753056236197845230e-01,-1.414683479722586013e-01,5.754359379222490772e-02
7.001159717850690134e-01,-8.338217842730329121e-02,7.528303514527388829e-02
7.631856544690529542e-01,-1.151993277015479593e-02,4.086971940446004065e-02
7.343880829021225409e-01,-5.493898220763157592e-02,1.614638714874200576e-01
6.903520805394737225e-01,-1.010418887144088340e-01,1.140994933747318807e-01
7.662053528316050688e-01,-1.131846748231515182e-01,2.022865937357237465e-01
7.189177463506378762e-01,-6.576751768455862956e-02,1.119085340573178211e-01
6.913046962203360790e-01,-1.530332590917132807e-01,1.473344772336624975e-01
6.841531367197460911e-01,-1.512469797727748755e-01,2.146887410183286049e-02
7.480724915366913086e-01,-5.918147028347709587e-02,2.024534704720386546e-01
7.631520232975951279e-01,-1.181740707857738687e-01,2.047578876328391972e-01
7.011194964794663642e-01,-7.690077340682258122e-02,1.176268138386513118e-02
7.252548084278666041e-01,-6.328344623200059249e-02,1.452297404292402783e-01
7.481889697913850501e-01,-3.305684636092776768e-02,1.020520584619706433e-01
6.983936767088260167e-01,-8.118117876566652291e-02,1.184805561511318231e-02
7.001359418747907792e-01,-7.426558189792585585e-02,3.073984600902874773e-02
7.296234176496559920e-01,-1.580741407235036755e-01,2.037011745437875276e-01
7.743093787767141301e-01,-2.274368884473348951e-02,1.927665476916180787e-01
8.185847099720457987e-01,-6.708613745314778720e-02,1.905659850453182702e-01
6.811135638858154540e-01,-1.092647633969501819e-01,9.727133622067607455e-02
7.490663365853752476e-01,-2.409459087485789353e-02,3.916745071047270099e-02
7.689857691336930978e-01,-2.612381047888559515e-02,1.830159693507380503e-01
8.080742983487866349e-01,-8.298847399304262740e-02,1.898739306363702861e-01
7.991567725801402844e-01,-9.261872547163799152e-02,1.916376960168891253e-01
6.804466988914203984e-01,-1.455188520903888671e-01,8.363301634033458443e-02
7.160408145204554264e-01,-6.281293784524391577e-02,6.552148216768964584e-02
7.263040770210689168e-01,-7.354461564650874306e-02,1.850479571624376596e-01
7.000991540134214874e-01,-1.014545092115908126e-01,1.834466587704332019e-01
7.657725264512019736e-01,-5.043674198957305566e-02,2.050245054207228967e-01
8.122015476814560264e-01,-6.908745485806788711e-02,1.912925184499550957e-01
7.659090690533892909e-01,-4.114111924560914790e-02,2.030245347888137708e-01
6.883825288293610178e-01,-1.159827297202176560e-01,1.827591296534164800e-01
7.474783512475201563e-01,-7.682165023307650775e-02,2.072065008058489033e-01
8.089410737866602474e-01,-7.976996015679471697e-02,1.851434783624876512e-01
7.053893768349055460e-01,-1.061740927792424738e-01,2.083639661480089778e-01
7.065812279503772553e-01,-9.005579090128164321e-02,1.732249950684480178e-01
7.480064596375539665e-01,-1.309805894597431131e-01,2.062608263942191378e-01
6.732480254621666660e-01,-1.200174836155321750e-01,9.365465421016731795e-02
7.579797113769241035e-01,-9.255205381826146771e-02,2.060205821536140736e-01
6.771761542039577142e-01,-1.136178473575092940e-01,9.360170302630028971e-02
6.974564689776999726e-01,-1.551053229923961552e-01,1.928331202662062482e-01
7.587831465477345994e-01,-1.058449428283438909e-01,2.061219710788529114e-01
7.317089453005294342e-01,-6.008615528726365951e-02,1.649123592965978380e-01
6.725629110101731811e-01,-1.198676367648834340e-01,8.418391110287595791e-02
7.487520945395078620e-01,-1.226476197338195323e-01,2.064313529399159630e-01
6.975902449126073490e-01,-9.812900300702014078e-02,1.557756848170727959e-01
7.569723855900020171e-01,-9.556694416069867748e-02,2.051383085717287114e-01
6.776355240688382020e-01,-1.395317323243844276e-01,1.383462589058837566e-01
7.536067749704316032e-01,-7.465905395894500973e-02,2.063333342100959200e-01
7.342255305238996055e-01,-5.433937842762769782e-02,1.561810234557819976e-01
7.578185876949888877e-01,-6.710067162407215569e-02,2.056252434392756290e-01
7.574699585949586922e-01,-4.144984919401683426e-02,1.923155959287914663e-01
7.063158696817213311e-01,-1.649268553435317697e-01,1.562725626629981601e-01
6.976358323011585538e-01,-8.085931310632625546e-02,4.775959712874228158e-02
7.575831392126134434e-01,-5.917840761296803281e-02,2.050772215030609025e-01
7.210279951885020244e-01,-1.222836752898385226e-01,2.096641247299800559e-01
7.524640409156997389e-01,-1.066074419369438531e-01,2.056142604040940569e-01
6.805636529520939781e-01,-1.086495657537917270e-01,9.171889272064739917e-02
6.929276864032590799e-01,-1.516542347847197325e-01,1.924763189495107274e-01
6.649918398761830440e-01,-1.313599845932313381e-01,-4.234326149514867563e-03
8.018408259680294137e-01,-4.239600626892905955e-02,2.006804833972285484e-01
6.894240487760961988e-01,-9.045449062319997624e-02,5.344310190359868873e-02
6.962389709343039801e-01,-7.939772393325646160e-02,3.925036595331086314e-02
7.763700450899380101e-01,-2.412691990678403342e-02,1.998668149866683064e-01
6.725139068998040592e-01,-1.101940374790428001e-01,1.285437372000789238e-02
6.957483785490574668e-01,-1.559641425232811129e-01,1.652810751788920396e-01
7.466433097718988554e-01,-9.553125960182416720e-02,2.072449824361385917e-01
6.983058077372282790e-01,-8.134105012917168531e-02,5.698133888263535313e-02
7.664025720065729130e-01,-7.762396442002797436e-02,2.046172585433151392e-01
7.716288651582828839e-01,-1.947524657142732027e-02,1.501820533912348876e-01
6.745563551721798223e-01,-1.133913838402530877e-01,6.675396953341435069e-02
6.970802452752755674e-01,-1.556490869243613018e-01,1.830198233653716477e-01
7.842776521149481539e-01,-4.168782071569620412e-02,2.030187266662214218e-01
6.945686390032717039e-01,-1.314581750246362479e-01,2.114736941909393375e-01
6.941736119739252420e-01,-1.406425124926516945e-01,2.096102293105285008e-01
7.084170664686795238e-01,-1.690297638162407967e-01,1.212242443112629825e-01
7.026826776919038453e-01,-1.040721426488428886e-01,2.017824897101000992e-01
6.939884243741016867e-01,-1.222174025144298765e-01,2.099952976920364811e-01
7.543219396674321064e-01,-2.022707236039084783e-02,4.871043277070918887e-02
6.856536826238761595e-01,-1.478954553246042414e-01,1.742038813116910945e-01
7.088805947549567943e-01,-1.626684032148127401e-01,1.963617724013695942e-01
6.797033117206715547e-01,-1.462512402229224351e-01,4.784212634072667475e-02
7.130238201466546633e-01,-6.024113321486086053e-02,3.072468265200433216e-02
7.655616962730936725e-01,-9.164560960391683261e-03,4.720312319069042140e-02
7.177957897667982534e-01,-1.727948223077041268e-01,1.849674682556074756e-01
6.923819563257778142e-01,-9.444646637584651339e-02,9.342030159704761694e-02
7.371931841496340843e-01,-5.779328834495533335e-02,1.754417555242898663e-01
7.393203459737837102e-01,-8.615370726867010998e-02,2.080482216985015398e-01
7.174380226289661655e-01,-1.712266678880537130e-01,1.861353037433706448e-01
7.576611502697085943e-01,-3.263144426130293319e-02,1.563342110216512093e-01
6.856427941075198262e-01,-1.316967176386516780e-01,2.095443979992834826e-01
7.101915249629745519e-01,-6.617636006516428027e-02,4.887092607960662888e-02
7.506259065342845149e-01,-3.504322252665454523e-02,1.381497063125274039e-01
7.366208747418226954e-01,-7.341959615418509888e-02,2.054057886216396900e-01
6.911460831206802657e-01,-1.530563789888262083e-01,1.383385314536827171e-01
7.578746784486484200e-01,-1.524312466309185252e-02,3.898225146838486116e-02
7.128962727591496851e-01,-1.685854216196187860e-01,1.831999942219142696e-01
7.170888111741221538e-01,-6.421536313141562591e-02,8.434918619845410692e-02
6.965862204903543464e-01,-1.457945088363876152e-01,2.062085467565430430e-01
6.807905387596001612e-01,-1.085980627628356787e-01,8.481319584483820728e-02
7.181713953084845059e-01,-6.502259509706963259e-02,9.459026369915310428e-02
6.946038339452246246e-01,-1.494198215253078055e-01,2.018843371107138795e-01
6.836509789417559713e-01,-1.042935702075360876e-01,8.437613404262708783e-02
7.027836865748341433e-01,-1.597645396470853685e-01,1.926633903205092757e-01
7.464747656625120298e-01,-2.170783083517030185e-02,3.784113145459290853e-03
6.831546985676618666e-01,-1.133241243313256319e-01,1.292121372316645533e-01
6.998111296584096364e-01,-9.230181749046285911e-02,1.379690749375301340e-01
7.659567844295144257e-01,-2.339166327855847147e-02,1.474657097764077995e-01
6.812278428366358440e-01,-1.447555963610986374e-01,1.220671744103979939e-01
7.375797476918797280e-01,-4.040657165877843682e-02,7.524461107358934586e-02
7.214641644051400515e-01,-7.772265699554414820e-02,1.830486903460609160e-01
6.964351931889749547e-01,-1.158402751753338789e-01,2.071326275220504165e-01
7.449816832956451806e-01,-4.675358976535771288e-02,1.665705925871546478e-01
7.548959800242359686e-01,-1.237163051557144400e-01,2.061797959612302333e-01
7.100172140345121230e-01,-9.307169285729761932e-02,1.930710723723958189e-01
7.460625043489257369e-01,-3.963174450459462650e-02,1.293748349812838261e-01
6.995040322681991274e-01,-1.100534405516577080e-01,2.050057867245697607e-01
7.161903679113650334e-01,-1.729397914525847568e-01,1.807886853840070251e-01
6.847422621200052184e-01,-1.511057445412321565e-01,-3.330248528562404844e-03
7.434799930609364838e-01,-3.658867192415474201e-02,9.187907769327796625e-02
7.827406505842229301e-01,-8.917519743001779686e-02,1.986728037992764873e-01
7.268632592055028763e-01,-1.641146840444145938e-01,2.042239977079848834e-01
7.618646766712878771e-01,-2.781534665805665552e-02,1.538895477592787109e-01
7.396230902675572372e-01,-5.130705122661808476e-02,1.651941968390535365e-01
7.685418523637680410e-01,-1.636791800723811502e-02,1.296483108764014680e-01
7.838722919739454786e-01,-5.073131573227673830e-02,2.036892237247112936e-01
7.013181638669495621e-01,-1.615417892430882907e-01,1.292054240366024287e-01
7.285371914319234143e-01,-6.695293671674287794e-02,1.750549701065519381e-01
6.798229827207038500e-01,-1.162450281287090714e-01,1.198618220352846292e-01
6.977218062102034102e-01,-1.549343873894823975e-01,1.986436960070052937e-01
7.631899944987919904e-01,-2.946549683693531693e-02,1.745567308356551217e-01
7.148560205182011851e-01,-7.131220609466031035e-02,1.197854304174493789e-01
7.480863833275515073e-01,-4.131404964393470269e-02,1.563757365210424743e-01
7.093938962204566767e-01,-7.489192156101684428e-02,8.395690547285496186e-02
7.742862087410387062e-01,-8.711065861303486646e-02,2.035637029399971765e-01
6.878243550749191249e-01,-1.249502234998647737e-01,2.080749597917266325e-01
7.188006421825151593e-01,-8.401119351067475038e-02,1.931803829462019895e-01
7.732584182139569107e-01,-1.565119296028305920e-02,1.380972441332660727e-01
6.723889070397228718e-01,-1.188949667868568344e-01,7.649754473871385463e-02
6.976904455745578382e-01,-9.916028135145758815e-02,1.649447540322215577e-01
7.059238951559799746e-01,-7.156898126002694815e-02,5.622541796741750697e-02
7.772181370796800159e-01,-1.720680227322397143e-02,1.827978661006404992e-01
7.175915412926047177e-01,-8.262687302829654912e-02,1.858749490894071876e-01
6.811794031584237352e-01,-1.183024185808423112e-01,1.510771112023013840e-01
7.164474223335670633e-01,-8.171546243256307129e-02,1.797452855763462254e-01
6.821855297061357737e-01,-1.104331678341140682e-01,1.119861712311963908e-01
7.055808917434682748e-01,-9.726945716451390611e-02,1.920304014574203688e-01
6.760221252054094965e-01,-1.407072789108613220e-01,7.539347873141870326e-02
7.317955810064057376e-01,-5.121409414959272183e-02,1.111309426529706185e-01
7.132619578393893933e-01,-6.867494536046449272e-02,7.549765814899617178e-02
6.887795588544322056e-01,-1.078452499597505887e-01,1.465245931354483833e-01
7.557331560397770875e-01,-4.038379946518851071e-02,1.836233470221660391e-01
7.064102532223768272e-01,-1.639316419817291037e-01,1.826968888833757909e-01
7.141322529263427477e-01,-1.724803189748958798e-01,1.752032070642468575e-01
7.483953016089799348e-01,-2.299468201226639516e-02,3.068282752260590232e-02
6.998688161166979338e-01,-9.265538117647754979e-02,1.480237388565235346e-01
7.654570070880503119e-01,-2.272419424092621959e-02,1.384944413822102316e-01
7.613138596296608052e-01,-2.758607756110207851e-02,1.459389170238589717e-01
7.712037636477506730e-01,-1.312897648460227551e-02,1.144709656891180760e-01
6.809373977786031817e-01,-1.180467622138664241e-01,1.301839664159081811e-01
7.010491209421605419e-01,-1.023311841934270300e-01,1.927902991010638223e-01
6.868843156324393462e-01,-1.139170859426521104e-01,1.654229243470522470e-01
6.916890077078066135e-01,-9.374197652203056230e-02,8.457015392619245120e-02
7.212339174902661076e-01,-1.585577089646598159e-01,2.040033688604724893e-01
7.354718708229133206e-01,-5.596176780551413016e-02,1.665034417911534226e-01
7.233478539939609542e-01,-6.140016709246693544e-02,1.108880965422772563e-01
6.908139001160843451e-01,-1.190388243446184047e-01,2.044829604528144995e-01
7.595196970079691745e-01,-4.300036020709569612e-02,1.999120635199140572e-01
7.065660948423778676e-01,-1.644247112179803016e-01,1.649887046633048415e-01
6.838290869858588694e-01,-1.419636236442973487e-01,2.022594919163779592e-01
6.724209475926826718e-01,-1.328671107093660486e-01,1.123525836831758828e-01
7.287684551623656581e-01,-5.774871894833799590e-02,1.293166950691309880e-01
6.716413523051899537e-01,-1.363778170345991414e-01,7.325439065445975284e-02
6.780590046816107330e-01,-1.395980740719862112e-01,1.561074746186021656e-01
7.200091868752106494e-01,-7.618227106472422183e-02,1.747859668456810400e-01
7.440409884350742686e-01,-4.650977632405065704e-02,1.601527590072853446e-01
7.391065556753119159e-01,-4.993166885256503096e-02,1.563318576873449217e-01
7.650383305150812996e-01,-1.408965212078947503e-02,8.484815007996417136e-02
7.592695856382764008e-01,-2.578940874444411377e-02,1.195554591258245064e-01
6.779113198089833370e-01,-1.046862983695426158e-01,-2.543034781524933317e-03
7.214076623651599629e-01,-6.857823571907598059e-02,1.472050714191029119e-01
6.655251638141781445e-01,-1.314423481110293390e-01,2.157221372845861962e-02
6.786519461622957383e-01,-1.323336219063286912e-01,1.922916652285166506e-01
7.606410674902021052e-01,-2.695537159061896920e-02,1.371179460223256596e-01
7.068545053901522657e-01,-7.174448120419490982e-02,-3.489696962726088984e-03
7.719114904983768177e-01,-1.343452979799392155e-02,1.190183556935985876e-01
7.462125964628719688e-01,-4.046974470754494818e-02,1.478157095673359456e-01
7.469862880219159118e-01,-2.169598273210595132e-02,-4.061300064954076298e-03
6.812726857321803609e-01,-1.096687484192784140e-01,1.033067075566957982e-01
7.048510731854742417e-01,-9.627752451630013086e-02,1.826706008001789394e-01
6.762306442188307232e-01,-1.405312019610382712e-01,1.023587131908094278e-01
7.301912856827947884e-01,-1.137912865517882871e-01,2.097640405053575741e-01
7.317448241704028744e-01,-5.196704044026499020e-02,1.201541611909467122e-01
6.895527953280484734e-01,-1.084154558225436105e-01,1.522098160601443317e-01
6.927521154141118576e-01,-1.121019104161149610e-01,1.927388112069277348e-01
7.563266043069666322e-01,-3.052648880354048161e-02,1.383903981035534414e-01
7.745489724500335127e-01,-6.860833190638325474e-02,2.059069973590667013e-01
7.433970718243079201e-01,-4.544450389396324785e-02,1.539722525508125106e-01
6.694160759773495339e-01,-1.313528625611712630e-01,7.512083872524961958e-02
6.805054249493457386e-01,-1.346279173887741376e-01,2.067981078570350628e-01
6.955277884568427105e-01,-1.048762231048169652e-01,1.740657255260597003e-01
7.547187022997720041e-01,-3.909672962211847153e-02,1.745787098934253045e-01
7.058355229305336431e-01,-1.649267687596044918e-01,1.749428223158730755e-01
7.126571084495613162e-01,-1.227277233883186658e-01,2.098516112160788150e-01
6.857087502980593330e-01,-1.137595218945409437e-01,1.560685945764863636e-01
7.114938325403096231e-01,-8.579407021729097693e-02,1.748601606678130693e-01
6.756113727040392591e-01,-1.045991392476558202e-01,1.249462897673745895e-02
7.224191055515769566e-01,-6.937068429074559617e-02,1.652914133816834885e-01
7.578129797578808668e-01,-2.433267733779788736e-02,1.024104203091306814e-01
6.712944107604624788e-01,-1.370486080020495157e-01,5.726084203651492233e-02
6.805795127185281235e-01,-1.363654726582274324e-01,2.062596736682336118e-01
6.679494472791610571e-01,-1.314125956145507090e-01,6.674900835537596333e-02
6.794657093985204677e-01,-1.333646601076756699e-01,2.009138943459321258e-01
6.724879903692486671e-01,-1.347051850519366545e-01,1.024466850652629990e-01
6.965464941931320819e-01,-1.060706488716986334e-01,1.830570975580858850e-01
6.710047854300169590e-01,-1.370476601553272944e-01,4.784029582925149876e-02
6.797989708614663451e-01,-1.377712437149270219e-01,2.006067242733923506e-01
7.289136002293616912e-01,-5.840613890039758616e-02,1.383871596721306940e-01
7.399072624112331686e-01,-1.410055952107307220e-01,2.049828640541148106e-01
6.814621455446887577e-01,-1.004172088315252870e-01,-3.317882757180035114e-03
7.500860789110547211e-01,-3.444793335898699294e-02,1.199571928160092227e-01
7.015795750070271675e-01,-1.603968191531374987e-01,1.743705995610388138e-01
7.632581594887878351e-01,-2.017882610227780468e-02,1.119902120769202675e-01
7.427738543682494976e-01,-4.482634688842910414e-02,1.467091282789954321e-01
7.382789413983557036e-01,-4.921818835026179478e-02,1.473718255000985300e-01
7.278207292081727564e-01,-4.808482235874224353e-02,5.732521620268057200e-02
8.026967511373968023e-01,-5.080594347744383371e-02,1.990392561485816170e-01
7.651648848954266668e-01,-1.364494388041713815e-02,7.493055208770547926e-02
7.110999231570698242e-01,-1.721117173211313967e-01,1.684806401562044531e-01
7.188602438551520146e-01,-7.509471024982421195e-02,1.655589087379299440e-01
7.095101339636717963e-01,-1.687216612377359093e-01,1.651610613156297980e-01
7.141156925512351927e-01,-8.815482805776315989e-02,1.921229166597990534e-01
6.873634728792339388e-01,-1.144201815303851621e-01,1.744323546818215831e-01
7.600429031604327701e-01,-2.643288785551011627e-02,1.293493175284193553e-01
7.753884902679726299e-01,-6.863442600611502353e-02,2.054162856930460967e-01
7.086747183191117738e-01,-9.205546714669766983e-02,1.843385318522792471e-01
6.831747159171556172e-01,-1.430189735896222336e-01,1.922046970860421811e-01
7.388985463695636469e-01,-6.802918716833274149e-02,2.023674045879078065e-01
6.957362685630300581e-01,-1.568863646705462855e-01,1.384418803911382778e-01
7.684826635640628067e-01,-1.670160974005019741e-02,1.197237723875560766e-01
7.557458538221376587e-01,-3.021017893933895110e-02,1.293803896940189102e-01
7.025286807306602155e-01,-9.534654571076811580e-02,1.747167650690998886e-01
6.789926980352579688e-01,-1.147281704855549478e-01,1.111310815160956172e-01
6.968908368162166633e-01,-1.557387517389203224e-01,1.745676097567972762e-01
6.832567270372419399e-01,-1.036201677733374765e-01,7.566278822084911149e-02
7.451814988252711824e-01,-2.905497848741135647e-02,4.111953692123991588e-02
7.643783802812411654e-01,-3.089195210940519701e-02,1.836498251883045829e-01
7.021894912797839172e-01,-1.598108053038540810e-01,1.832443369879800943e-01
7.163271049412749392e-01,-7.259128868537405299e-02,1.438151301405382332e-01
7.642934106041456843e-01,-2.154452780145827556e-02,1.204138869354297314e-01
6.786628236022461680e-01,-1.061525944246670822e-01,3.899686218634441232e-02
7.223182555063466515e-01,-6.939017268827166185e-02,1.563664750957508842e-01
7.574030533027406031e-01,-2.324917910491963724e-02,9.374414596875606243e-02
6.920235004449246663e-01,-1.115970138497468789e-01,1.835424366169451649e-01
6.868892746049972686e-01,-1.481011583256089392e-01,1.834868282628410174e-01
6.761366636727587087e-01,-1.403203745766039567e-01,1.116287623887989577e-01
7.340939780721029706e-01,-5.380088286488896032e-02,1.474075913946241156e-01
7.478825890092676287e-01,-2.237868090373787422e-02,2.113524090514775147e-02
7.645502429861442684e-01,-2.190336485692613577e-02,1.298651519450604030e-01
7.010368279382966916e-01,-9.390840366638315839e-02,1.566328550941616937e-01
6.894905111834889189e-01,-1.171254941007545264e-01,1.978753321189938297e-01
7.105019794084187490e-01,-8.489197807965845333e-02,1.655612941281179862e-01
6.706259674813455085e-01,-1.374230600774768718e-01,3.882436546955383982e-02
8.011461801786673442e-01,-5.821545556755563372e-02,1.985440403817900212e-01
6.785822496657036851e-01,-1.383979627647915489e-01,1.921622244704711824e-01
6.878330326389201499e-01,-1.068905383862280151e-01,1.288913796598848693e-01
7.019342593283641740e-01,-1.600852016158522129e-01,1.655420811088095800e-01
7.627520874463852296e-01,-1.974012803331087404e-02,1.024982227147041708e-01
6.722002527101728075e-01,-1.353639751909659072e-01,9.500365057246716594e-02
7.823808404499112967e-01,-7.379530929747880885e-02,2.046583066647459093e-01
6.972377610616633525e-01,-1.066104646756761420e-01,1.919645880405091709e-01
7.274699481354564012e-01,-5.695989091782947822e-02,1.110910842714339791e-01
6.993570126209129878e-01,-1.006905700963194872e-01,1.771431789700360360e-01
7.127756362585732086e-01,-8.682685655945245051e-02,1.832924190621431915e-01
6.842541391414321827e-01,-1.132551181136322305e-01,1.474626237926176253e-01
7.678908541149763733e-01,-1.563962949317905873e-02,1.112656889782076552e-01
7.842230035989955494e-01,-6.881939521317027852e-02,2.038688904504478705e-01
7.375910191220705903e-01,-4.932450774066544918e-02,1.382330691896776487e-01
7.668484007496471078e-01,-1.521380955651494352e-02,1.027280187131416750e-01
8.117929681950574183e-01,-6.302495271319590031e-02,1.927091767626133434e-01
7.178741289915842039e-01,-7.410369418463684521e-02,1.566184082215314743e-01
6.824473868458762471e-01,-1.435177701145743667e-01,1.839287987834399007e-01
7.060353042124719591e-01,-8.912691837314538901e-02,1.646486260600847629e-01
7.263911286258527555e-01,-6.468428976218550119e-02,1.504234813703367313e-01
7.136000213053111940e-01,-7.859144021007259673e-02,1.563499509571737722e-01
6.735732999387289421e-01,-1.216097148582101634e-01,1.028966192488654646e-01
6.985799850205403061e-01,-9.941408809628862753e-02,1.718809788821898388e-01
6.771337194169846363e-01,-1.402080753120266143e-01,1.200570544104078846e-01
7.833675786323813783e-01,-2.406120168033707915e-02,2.023542343270015309e-01
7.451985067550866981e-01,-1.390704123560520256e-01,2.053678292928824700e-01
7.335886573815422196e-01,-5.366763772664652488e-02,1.379005601937384473e-01
7.500203257306583549e-01,-2.464657938144232049e-02,4.818781583099094462e-02
8.079370248113687536e-01,-8.266821732041089443e-02,1.855755607660031781e-01
7.698574597629584959e-01,-2.691215701859979784e-02,1.913833775143714000e-01
7.017518687977353231e-01,-9.466886424395544453e-02,1.653316868864094791e-01
6.876853313089773545e-01,-1.060082009250679219e-01,1.201525094828812951e-01
7.020690577285668699e-01,-1.613141559711950834e-01,1.566857509207306154e-01
7.629098421671531849e-01,-1.951552454090594441e-02,9.752601852434072960e-02
6.720984401511694850e-01,-1.357775044000202325e-01,8.501836184141328689e-02
6.980621100143271640e-01,-1.079201056475363185e-01,1.993216345482550222e-01
7.799580088338882167e-01,-7.512557975604874927e-02,2.058484636588868710e-01
7.275898265574985979e-01,-5.712002077985442461e-02,1.209497742088920663e-01
7.418622315165258607e-01,-4.399198176651789721e-02,1.293856302389004009e-01
6.702869155138782009e-01,-1.380270812516207479e-01,3.023986932758224166e-02
8.052337846039774316e-01,-6.326591835241866801e-02,1.959258417784430495e-01
6.779678453478067413e-01,-1.391892820036039480e-01,1.831595700495018686e-01
7.582783963432069285e-01,-2.466996250934102089e-02,1.114515491410137810e-01
6.758057135894669498e-01,-1.044429976138761401e-01,2.157274533904788433e-02
7.200822459931227604e-01,-6.768317531924636365e-02,1.385674738209173584e-01
6.834415202662660338e-01,-1.130350496569391405e-01,1.385147262888160036e-01
7.092382216291556185e-01,-8.356124296742385715e-02,1.570828381329715528e-01
7.372955187051044579e-01,-4.876089635027433533e-02,1.294558236661300932e-01
7.659519969395720551e-01,-1.519853508750440563e-02,9.315101324153622631e-02
7.055641492349477017e-01,-8.796617143462487354e-02,1.560356375159866471e-01
6.728696582024012995e-01,-1.315147921359376137e-01,1.204425462604613029e-01
7.474497325704201334e-01,-1.311951521192638026e-01,2.057360791249604193e-01
7.306234957763001470e-01,-5.957760390765291791e-02,1.564554772001943150e-01
6.936679127438151182e-01,-1.043066407604296697e-01,1.656143687290207167e-01
7.062793429262752554e-01,-1.651989621358501137e-01,1.475514330170990540e-01
7.245563596416072505e-01,-6.287658880336442768e-02,1.381821741590964769e-01
7.085862986529185559e-01,-8.272761422002963827e-02,1.482604937445940185e-01
7.119112445919352217e-01,-9.494841637375571464e-02,2.016936212708831944e-01
7.575004355032075587e-01,-1.206278518835143670e-01,2.054404641144665644e-01
6.816969996531180298e-01,-1.443221654076206339e-01,1.742547776163330953e-01
6.806385834607402430e-01,-1.178817294917452879e-01,1.269258366657492754e-01
6.959202233808292615e-01,-1.565900407748675727e-01,1.562507738643948985e-01
7.622438414912698912e-01,-2.846929698740576983e-02,1.665325162202161424e-01
7.163842261323759564e-01,-7.239211736843549627e-02,1.283406222173404942e-01
7.490887493560954846e-01,-3.346605311144454364e-02,1.112657114924927720e-01
7.585449503593705289e-01,-3.299342325271649445e-02,1.654879503737088919e-01
7.408349076673875766e-01,-4.340115604220402823e-02,1.198164066565974711e-01
7.465102846777520451e-01,-1.369056884757227643e-01,2.060858547442651900e-01
7.330955533229528420e-01,-5.325521088691927141e-02,1.289107851010460326e-01
7.297058221638493825e-01,-4.093076520960162862e-02,2.229855502700122533e-02
6.717156849581795708e-01,-1.263321560892964879e-01,1.091057370281572347e-01
6.807171508676898020e-01,-1.269825267951458780e-01,1.807393879755525012e-01
6.870389193958842400e-01,-1.047424527276943768e-01,1.110957303250669354e-01
7.016216844024616428e-01,-1.611826131541241880e-01,1.473707944162300776e-01
7.381847245916295375e-01,-3.322900520932247498e-02,-3.525692235729305408e-03
7.367408785014236683e-01,-4.781861355657741203e-02,1.209618253067584331e-01
6.829584016733839524e-01,-1.020329067522595529e-01,6.624819916955333732e-02
7.457897485656722614e-01,-2.954900209749025328e-02,4.814921427290837913e-02
7.659437318321662413e-01,-3.214743880862961506e-02,1.926390619531166692e-01
7.163593586602983176e-01,-7.230674809241040280e-02,1.387551286383270910e-01
6.779448558337690667e-01,-1.140477720182210275e-01,1.022022904314535963e-01
7.338559324811450013e-01,-4.505623437662924224e-02,9.213286613965221417e-02
6.957645667598916228e-01,-1.566706648967599036e-01,1.473453804773083575e-01
7.186370703772873014e-01,-6.593941387041205027e-02,1.022622749431942452e-01
6.911429025922548597e-01,-1.525795077589684468e-01,1.561398821017546679e-01
7.535173776263301981e-01,-2.863195752877437106e-02,1.025945118599869976e-01
7.244038161999193370e-01,-6.227901907179008573e-02,1.291182446988632104e-01
7.122089688776541694e-01,-1.313452324755635947e-01,2.099328621731812450e-01
6.822489190188234520e-01,-1.193329495815647484e-01,1.575596672297525369e-01
7.121455498104111159e-01,-7.726688301531897674e-02,1.385911558864988680e-01
6.734272205500915209e-01,-1.313718711842006281e-01,1.296093951086804974e-01
7.576365122173782662e-01,-8.694033879952409172e-02,2.050943229144995272e-01
7.296476781698690850e-01,-5.931482307335251419e-02,1.474396101952041294e-01
6.929397330434314828e-01,-1.045879425645547117e-01,1.562070195721571852e-01
7.060393480789173282e-01,-1.650129025815465222e-01,1.381876936375024123e-01
7.148208689099341262e-01,-7.940356243194668373e-02,1.647790147298279773e-01
6.832405756650773432e-01,-1.211247525128097968e-01,1.652372962517832944e-01
7.297962461669691425e-01,-6.850635152264585026e-02,1.833950665219298559e-01
7.306193673953012002e-01,-1.314471139405740396e-01,2.067359879051051674e-01
7.014528163705334718e-01,-1.613389766323322372e-01,1.384976034841112480e-01
6.653474981361203744e-01,-1.225493373565245958e-01,2.133110337814465157e-02
7.336638318225154887e-01,-4.498383712027575337e-02,7.514806118652780920e-02
6.786395353663314811e-01,-1.252500468120931743e-01,1.647665733650144348e-01
7.091953223983813448e-01,-1.689437316753408247e-01,1.290046533302525722e-01
6.774903571325230356e-01,-1.227927956291132300e-01,1.291475850896622868e-01
6.970538353494999395e-01,-9.709312404411191144e-02,1.469638290540524750e-01
7.537023281517202244e-01,-3.789148433411209521e-02,1.666391882880938480e-01
7.060327670783053122e-01,-1.652029932676314650e-01,1.291586636872073535e-01
7.240034253760047056e-01,-6.159274449779610083e-02,1.201293005395319274e-01
7.117091014659834292e-01,-7.740438152612533207e-02,1.291198490178930847e-01
7.075187027111524696e-01,-8.162428014823566724e-02,1.393054593894905713e-01
7.040539335291690071e-01,-8.657538727853116012e-02,1.384100174762638580e-01
7.470301086687780590e-01,-4.947946118505260060e-02,1.835752466488122792e-01
7.573172607147310442e-01,-3.122381994048944662e-02,1.474998011510408047e-01
7.396521323770085532e-01,-4.171970265483262302e-02,1.025753309166652361e-01
6.741778479867782670e-01,-1.315813463018399854e-01,1.382749073034595655e-01
7.270760664570069531e-01,-5.618789726835248660e-02,1.028663572668432752e-01
7.594394258562037203e-01,-8.895165236867377812e-02,2.060420297078719154e-01
6.926963896962993195e-01,-1.035464802018243313e-01,1.475468151601914413e-01
6.767794592898981332e-01,-1.047941657100188578e-01,3.474958890872648434e-03
6.922833128732615027e-01,-1.525204404896482457e-01,1.737935638192241450e-01
7.194579427901994784e-01,-6.702571904808928005e-02,1.208896393565446203e-01
7.521005504773117245e-01,-2.745706731741113724e-02,9.158441022392342645e-02
6.646144737262420499e-01,-1.221162469213941948e-01,1.259352917578871606e-02
7.332252658529760936e-01,-4.479558542133034449e-02,6.556074956885633853e-02
6.781155644258280990e-01,-1.232061265917862164e-01,1.558699756546119142e-01
6.720730280196788309e-01,-1.184578989131935406e-01,6.892587152895886249e-02
6.962484125471408714e-01,-9.682130752585406397e-02,1.382255174666843500e-01
7.352323665792422913e-01,-4.657908123866603967e-02,1.033315572437115831e-01
7.038113283780564888e-01,-8.657014332818832592e-02,1.289336178383851117e-01
