-7.074347783757906072e-02,-3.312373257761890011e-02,-1.079714825126730504e-01
-6.851167240153843707e-02,-2.802567057665314443e-02,-1.048003761706931963e-01
-7.421688655375957566e-02,-4.240790316981174479e-02,-1.044323286603055234e-01
-7.195406909613044633e-02,-3.027728260610665356e-02,-9.539086662175855214e-02
-6.962527140100427392e-02,-2.587529194964807711e-02,-9.657385813295989163e-02
-4.366209098358520002e-02,2.346016460041205898e-03,-1.066597267731179272e-01
-5.169219616121656369e-02,-7.090251982304604517e-03,-1.035551889927712466e-01
-7.360650537811563865e-02,-3.705513149788200455e-02,-9.587623187026123039e-02
-7.378056348786099505e-02,-4.241671080059683518e-02,-9.619910967727426931e-02
-4.413589876884826957e-02,4.081875119100075722e-03,-1.016868966673533659e-01
-7.165080646534138786e-02,-2.945062083468515113e-02,-8.954021988506355445e-02
-3.981001321112953573e-02,8.098026226302290631e-03,-1.043128589898219410e-01
-3.575862604795310151e-02,1.325348961184569241e-02,-1.024768851363362099e-01
-5.241679377768615478e-02,-6.475097675683619269e-03,-9.638549091686923753e-02
-4.558839550369286897e-02,5.264840286127475677e-03,-9.503397940516705722e-02
-7.084177533209723432e-02,-3.309674419527673661e-02,-8.392291694235724797e-02
-7.255665875830008549e-02,-3.679729478573683099e-02,-8.728693693304834245e-02
-6.963430955945448808e-02,-2.734423790653853215e-02,-8.593686395643931886e-02
-6.536014420404612224e-02,-1.988379936047128538e-02,-8.713075941893433374e-02
-2.727572528995969928e-02,2.267453598014369798e-02,-1.035770177261594316e-01
-4.145721921491263284e-02,9.643275686362612342e-03,-9.616740714390918654e-02
-7.284698166197078883e-02,-4.278189896941972381e-02,-8.618169547577195222e-02
-2.254283245215949263e-02,2.738391375566612967e-02,-1.050714398853242887e-01
-3.699927757826015906e-02,1.415676719518144111e-02,-9.574036265809281188e-02
-8.262888918793901555e-03,4.019090261256014207e-02,-1.102685312544746249e-01
-7.006277726831159486e-03,4.156878268780599128e-02,-1.108433186960788575e-01
-5.249768909585050825e-02,-6.225538241361974756e-03,-8.825993565935763563e-02
-2.471189518054217951e-02,2.851529987210359857e-02,-9.841958864116065464e-02
-3.181483238245863543e-02,1.830086626688730289e-02,-9.600660417607975727e-02
-2.813903983451671378e-02,2.462306705221139341e-02,-9.588847216326362721e-02
-7.038151885961096976e-02,-3.316478945654124932e-02,-7.809197197703898752e-02
-2.135087504051414245e-02,3.472179492297926967e-02,-9.617269168541746349e-02
-6.799165144202168332e-02,-2.800238585121846147e-02,-7.831327335691037894e-02
-6.449711337479147044e-02,-2.020685383807822866e-02,-7.869532334087391001e-02
-4.865447327680039180e-02,-9.243017884444093557e-04,-8.688540882214992878e-02
-1.845101803954285816e-02,4.091946980603586997e-02,-9.367649294937545335e-02
-6.021309625941943973e-03,4.560609989885586885e-02,-1.063813126846884227e-01
-6.060410388916237512e-02,-1.601025438560994829e-02,-7.753073910931740365e-02
-6.833388837288571944e-03,4.787408584764777514e-02,-9.976720096218036349e-02
-4.126143959908579184e-02,9.220956532602700428e-03,-8.655697575166544644e-02
-6.517500795082842302e-02,-2.055336029772479589e-02,-9.567062372349310895e-02
-1.840951923443583495e-03,5.249278058097762295e-02,-1.044227112258546836e-01
-5.257601778279508142e-02,-6.192240918255598192e-03,-7.684525737686009883e-02
-3.701250602066497031e-02,1.335851829510674438e-02,-8.825409824668628556e-02
-2.982814837100500674e-02,2.596060539608352480e-02,-8.616325460279672388e-02
-3.217514836192514327e-02,1.703968731197703923e-02,-8.739893115891933517e-02
-2.725658343788839658e-02,3.365967702434650988e-02,-8.182319616196621903e-02
8.881076230543233710e-03,6.818931873914783892e-02,-1.036711682888866587e-01
-4.795330657639051974e-02,-1.782918153142784567e-03,-7.827456545792467468e-02
-6.988719214912453292e-02,-3.361296355706590300e-02,-6.841747023537544936e-02
-4.376225999811678147e-02,2.865367072005506333e-03,-7.913988737875760071e-02
-2.035861706311159827e-02,4.168162631543981256e-02,-8.570611557344154363e-02
-6.684113355382592658e-02,-2.804743990976796275e-02,-6.927384501995834110e-02
-6.362998577744138906e-02,-2.159241194151502452e-02,-7.032103120957543252e-02
1.263808009809352234e-02,7.278557107569336160e-02,-1.036291473903014349e-01
-7.249888177360275243e-02,-4.264677817839260254e-02,-6.773677117682581905e-02
-7.125518446497958180e-02,-3.821528817140204537e-02,-6.391722967003099498e-02
-3.636444321678311553e-02,1.334527656478848301e-02,-7.770166471243625250e-02
-6.385546106631145857e-02,-2.197071950493306725e-02,-1.044048680688234032e-01
-3.177491532929348824e-03,5.371403819620478026e-02,-9.598424088337617621e-02
7.595886688862523274e-04,5.782564749619869410e-02,-9.529593588934465176e-02
1.674184444411330047e-02,7.696494492198414916e-02,-1.035257719790027287e-01
-5.238635683380765684e-02,-6.659596013400825854e-03,-6.890632319759119884e-02
8.771932492109940985e-03,6.779740717650326043e-02,-9.618238709813674292e-02
-4.825557042848871436e-02,-1.062961824232822039e-03,-6.892221216273970719e-02
-2.779661488006735306e-02,2.461751593314825265e-02,-7.944581445061407732e-02
-1.830332568712578559e-02,4.042722159691623102e-02,-7.974981525216445766e-02
-6.578063833182579145e-02,-2.781862790636098481e-02,-6.003880118388289083e-02
-6.274205020879441985e-02,-2.249275987300147772e-02,-6.019049629263147072e-02
-2.411554354109935253e-02,2.819112389424112408e-02,-7.782180896882617827e-02
-3.746976000970186124e-03,5.391627946539263860e-02,-8.703525716243798449e-02
5.185531386797619493e-04,5.813175632187927988e-02,-8.726316939720375754e-02
-7.157775142709354999e-02,-3.156827733603743968e-02,-1.009707425972348610e-01
2.255465006038858550e-02,7.928325890448358060e-02,-1.033792732689534227e-01
-6.921400611063244224e-02,-3.671511965817132739e-02,-6.013436126745867055e-02
-5.956878828995049169e-02,-1.798944277929379054e-02,-6.043600632589461036e-02
-2.812472811226463323e-02,3.344213735635878648e-02,-8.531230708153623998e-02
-4.075332863096214897e-02,8.296945714646897230e-03,-6.909504845379527138e-02
-3.606272385527831137e-02,1.358185855478463711e-02,-6.971137592036036335e-02
-4.448403318343707724e-02,3.851467117845702726e-03,-6.849603476544424696e-02
1.369632078257464886e-02,7.217422391995663433e-02,-9.658063726437934871e-02
1.803699075816522085e-02,7.591076274419734926e-02,-9.685950882902231995e-02
-5.229189265524825103e-02,-7.009865415170485337e-03,-6.026085791054878321e-02
-7.615281173704917424e-03,4.783516061464415658e-02,-7.428636501867380559e-02
-2.729037210139240513e-02,2.318281874670564957e-02,-6.913312126591453222e-02
-6.605301797314322432e-02,-2.762264047374349274e-02,-5.072739449459209155e-02
-6.310841935388999957e-02,-2.179105665005570680e-02,-5.064889354689834644e-02
-4.802417763365374181e-02,-1.330280734239117080e-03,-6.011664543072973294e-02
-4.349620176263546689e-02,2.695854628464500191e-03,-6.005359814376965560e-02
-4.055543053740140458e-02,7.989570613898558382e-03,-6.034985919626697365e-02
-2.365211584377302848e-02,2.782459905120843874e-02,-6.890917611532959564e-02
-3.773109483044106201e-03,5.266423787174708687e-02,-7.803978321544004226e-02
2.991114703022550560e-04,5.840895369157744765e-02,-7.778130104825943525e-02
-6.898283050215714418e-02,-3.725481001965731676e-02,-5.152217783247608346e-02
-3.655365233212215514e-02,1.390550398681497657e-02,-6.011673937658332245e-02
-4.436227232073330917e-02,3.452058907082056205e-03,-6.415397439877246200e-02
1.355132775615196933e-02,7.170942811654924809e-02,-8.675743942176665502e-02
1.807832483522541639e-02,7.607120053627453027e-02,-8.718159748568185541e-02
1.876143289499809103e-02,7.591120852655000584e-02,-8.229137289084476059e-02
-5.548103720272090644e-02,-1.186775045754914770e-02,-5.139279561336697333e-02
-5.129085833988955567e-02,-7.676912071285429962e-03,-5.073737615567536219e-02
3.342715820413515019e-04,5.845648391461735760e-02,-7.039750471614153460e-02
2.802474184854730072e-02,7.921571101799584902e-02,-8.533552001109068197e-02
-4.698159936078605270e-02,-1.940509032759885066e-03,-5.126451812161321453e-02
-7.129613830365100213e-02,-3.899590295481505930e-02,-3.924560534520474264e-02
-7.012872467039876767e-02,-3.613520673034173458e-02,-4.268480173856613324e-02
-4.939977455333599554e-02,-1.072424210510333764e-03,-9.601385656603207697e-02
-6.619952501064951811e-02,-2.799258087300057762e-02,-4.178517463634127960e-02
-4.005682190993298253e-02,7.844968866103502192e-03,-5.097366952365275927e-02
-3.645105941108550685e-02,1.405384543372538431e-02,-5.152487262784161831e-02
-2.586478873724101010e-03,5.290762020165936524e-02,-6.894856768305344941e-02
-6.852696778894000647e-03,4.748394375524905148e-02,-6.898358032821298724e-02
1.171720824043926421e-03,5.694682743461156049e-02,-6.577933366130483961e-02
-4.532218946262112080e-02,5.327557946815844603e-03,-8.849131942521515359e-02
1.443934797758727323e-02,7.101174161949053154e-02,-7.854228393988449408e-02
-1.854107847727560002e-02,3.304664184816161199e-02,-6.070806590421784499e-02
-7.141610394850217425e-02,-3.836246294377944344e-02,-3.463816677885052375e-02
-3.547620888639413383e-02,1.310277565826950541e-02,-4.561958287849372795e-02
1.031265270628544707e-02,6.632563934464849598e-02,-6.991393952297389469e-02
-7.129270050862346331e-02,-4.345515186065246338e-02,-3.544603771657339752e-02
-2.714795180811091849e-02,2.235089414322768975e-02,-5.095616041953708597e-02
-5.012283800974892678e-02,-9.253221193058269733e-03,-4.192814351444893589e-02
-4.618353361981442085e-02,-2.728753094069308327e-03,-4.224414397688010941e-02
-4.274145258281381032e-02,1.464389593071421802e-03,-4.191808911873121102e-02
-2.020423415413645681e-03,5.192762611517495047e-02,-6.033176423172210978e-02
1.411007077353320510e-02,7.091707392690736744e-02,-6.910587497543974056e-02
-6.895835041449271952e-02,-3.589877975055351389e-02,-3.221700600850467555e-02
-4.769600501690485217e-02,-1.771722010207213427e-03,-1.042879103072534286e-01
-6.434464040749610092e-02,-2.867392823420501780e-02,-3.365015108222511875e-02
-2.169052856760434259e-02,2.684157226728706158e-02,-5.151603884048647913e-02
-6.173578291952064312e-02,-2.454915647236625975e-02,-3.099803584882572516e-02
-3.840776699291326146e-02,7.604037927356185889e-03,-4.247783892854672949e-02
-1.757157378772389658e-02,3.109390263578530600e-02,-5.199097241749141979e-02
-3.430554345614977851e-02,1.161983112897681247e-02,-4.008872303528972225e-02
2.313779172094953401e-02,7.758563834561536809e-02,-6.923020009368990868e-02
-5.279096944315819773e-02,-1.457372233365084035e-02,-2.887088157836892321e-02
-3.089268526757449340e-02,1.717577880620697883e-02,-4.192572913288414305e-02
1.090830025933508564e-02,6.509049835634342362e-02,-5.881189737660044020e-02
-4.926756517344266229e-02,-9.977907074993574987e-03,-3.289099015721791419e-02
-4.541250577399724708e-02,-4.164799355896378619e-03,-3.371551827250650335e-02
-5.717825629998567367e-03,4.616481388535169372e-02,-5.058704457744081506e-02
-6.734368494780840209e-02,-3.680911913889482745e-02,-2.449247738062675095e-02
-6.391270169097895693e-02,-2.892641962323801164e-02,-2.402721730104463715e-02
-4.220238088055583425e-02,1.304235235983636221e-04,-3.302113981047603841e-02
-1.601518947611073719e-03,5.115234871122793792e-02,-5.159703249455730584e-02
1.465677036715961473e-02,7.052237218408981267e-02,-6.014341598601580241e-02
-3.800190430313032941e-02,7.029294190925447494e-03,-3.316396230079214635e-02
-2.198140097028578391e-02,2.626044623808951317e-02,-4.186818896516995153e-02
-1.758833732414289211e-02,3.124095269764807364e-02,-4.191803293400332697e-02
-1.748867567218748489e-02,3.069217216344033439e-02,-3.619466112821845272e-02
-9.035388744348397255e-03,4.031612604540030925e-02,-4.347939453035546548e-02
-3.340915328099081094e-02,1.149453320685449309e-02,-3.256815018414334351e-02
-8.403008080676847152e-03,3.975887027393573692e-02,-3.655700785493443128e-02
1.248554213854635199e-02,6.397847867122702370e-02,-5.121750890889999186e-02
-4.847073840965476776e-02,-1.012526598115841281e-02,-2.437391588365588058e-02
-4.452446108326546526e-02,-4.846555949083466985e-03,-2.384414537307097404e-02
-4.191824939975308251e-02,-3.098456263456311754e-04,-2.399811946760543879e-02
-3.978244281760971029e-03,4.432662179517268125e-02,-4.225635769791617063e-02
-4.276242010226464970e-05,4.988076354558608483e-02,-4.287942865066612236e-02
-3.144539173960869682e-02,1.793736879509215398e-02,-6.910224973958856154e-02
-6.708806276357293097e-02,-3.686304179296952255e-02,-1.495302797940070705e-02
-2.081845545513916554e-02,2.562370036956150565e-02,-3.330821420432242275e-02
-5.335103414998454419e-02,-1.438758507264922826e-02,-2.361032370380705681e-02
7.554990459484595480e-03,5.948423013953606231e-02,-5.139366672120019436e-02
-6.880244122752587899e-02,-4.425145477990916065e-02,-1.522923761858935299e-02
-3.737146875104480070e-02,6.196892795557962241e-03,-2.460966990587233616e-02
2.178861648986351457e-02,7.313271307089434792e-02,-5.130632484769402646e-02
-1.600690571537011567e-02,2.956271117412889032e-02,-3.047963177126261636e-02
1.007884408907566177e-02,6.638790419733571480e-02,-7.589554642949540575e-02
2.837827779336098838e-02,7.851032237968157135e-02,-5.242111680952851044e-02
-7.350395764835097184e-03,3.912711440164336196e-02,-3.064067814874804618e-02
1.542159309913965779e-03,5.675138527076799277e-02,-1.059578711744255525e-01
-3.227302907447441877e-03,4.349028834952271133e-02,-3.357390385221212248e-02
1.808037122943373875e-04,4.997379570201812560e-02,-3.324098745261830357e-02
-4.157379609084965733e-02,8.688151861557802391e-07,-1.468251497233230563e-02
-2.022657859357035806e-02,2.459529745152985725e-02,-2.423034276606128579e-02
2.128844947934493276e-02,7.295681931794839592e-02,-4.209737384332621485e-02
-3.683495972604999835e-02,4.664982005052137337e-03,-1.559499840623604361e-02
2.031116508559992900e-02,7.435275404787979048e-02,-5.835881034322202426e-02
-5.258661038911671692e-02,-1.556223259126382485e-02,-1.430801109613390187e-02
4.580995458710819361e-03,5.407842862496399505e-02,-3.298229653257239713e-02
-7.710414841016869497e-03,3.910740446715227359e-02,-2.539377592540133233e-02
2.826787356306958293e-02,7.783556514229078571e-02,-3.887333335138098978e-02
-1.115277045002616499e-02,3.488022162429002537e-02,-2.446938089769960800e-02
-4.888418250665615972e-02,-1.029754660135233368e-02,-6.339686772192390518e-03
-1.007151160704556139e-02,4.194247096430678973e-02,-5.158270525461720185e-02
-3.158033927418946174e-02,8.915957158943180194e-03,-1.536732191732019526e-02
-4.492200296364301515e-02,-4.721525087603609117e-03,-5.670337466254921077e-03
-2.737429172643790487e-02,1.514198077149327137e-02,-1.506827553363264405e-02
-4.049281157246457236e-03,4.398664456766751552e-02,-2.423729656356694850e-02
-8.273046323267089358e-03,3.950053826537264917e-02,-1.767472507629970491e-02
1.744915270029522708e-02,6.842899979971170388e-02,-3.328996721744939546e-02
-6.228628381827383542e-02,-2.312378679355087119e-02,-3.546139959425198551e-02
2.134448827849590093e-04,4.916968274819805140e-02,-2.374453461860528969e-02
-2.035454978996276490e-02,2.416543207167423657e-02,-1.538452348417546078e-02
-6.771367044295806270e-02,-4.382295620628659516e-02,2.852260635382283804e-03
-4.028952339468649946e-02,-1.019123368998370305e-04,-6.346313487736246484e-03
-5.565412818637271997e-02,-2.025835939150351372e-02,2.626062877279691787e-03
2.826526354069457819e-02,7.779145830152903174e-02,-3.363115295134108673e-02
-4.483394627019132717e-02,-4.853003370365663316e-03,1.357482336067653006e-03
-7.555278225472087522e-03,3.885805899541800584e-02,-1.322854871939720123e-02
1.056165826186016878e-02,5.681200203165157059e-02,-2.134718922616851700e-02
-4.857847785119506767e-02,-9.736248368802394304e-03,2.941472497956301724e-03
-4.353627752139999085e-02,-5.963343825671957310e-03,6.059083669577830511e-03
-6.277876099079993111e-02,-2.251614174888404152e-02,-4.371707062446950065e-02
-6.383852532776831360e-05,4.902765964578731372e-02,-1.588473456281042084e-02
1.843229623540420387e-02,6.722919952682704370e-02,-2.505839972844847718e-02
-2.599868098267688055e-02,1.239042003784746049e-02,-8.180087356724485836e-04
-1.939623241276744806e-02,2.378152700508692763e-02,-6.344965615113121182e-03
-1.324143041902193021e-02,3.561308316477122121e-02,-4.207712291884144196e-02
-5.497925242489687392e-02,-3.871356398375114249e-02,9.228432563630006857e-02
-4.235390758687340718e-02,-1.661797902020403783e-02,7.515456237914824866e-02
-3.945757006446336951e-02,-4.578646009990752774e-02,1.097203527423877556e-01
5.942052308726519794e-02,2.583535569093532713e-02,1.005097404167475117e-01
1.828780039383814601e-02,4.890529110791745626e-02,7.242962928211635343e-02
5.416721714077362554e-03,3.493778465785233461e-02,7.467657864491841768e-02
1.076585856584999154e-02,3.862983714141723923e-02,7.647574822087346846e-02
-6.204367570441781526e-02,-5.112330139364074100e-02,8.794283217472342873e-02
-1.242967408933615472e-02,3.476878343381335085e-02,-3.326981681247750955e-02
-5.395717089496331748e-02,-4.021208715591138849e-02,1.006922464815469265e-01
-1.909894178054761041e-02,3.305204238403236516e-02,-6.930898816359781778e-02
-3.852740342351301805e-02,-2.030629711087023059e-02,1.015603302779443384e-01
-5.639531442686662038e-02,-4.575351778272113146e-02,1.018829562504239838e-01
1.898761992953021567e-03,2.892300900498964017e-02,8.528833745039748893e-02
-9.076102489324670147e-03,4.923542092008089538e-02,-7.987621173552374165e-02
3.756269877213313374e-02,6.537756259244907608e-02,7.498133798171424669e-02
-5.600313661043876401e-02,-1.065356335519762609e-02,-7.840827425493235303e-02
3.168783779659156002e-02,7.220083482666571351e-02,2.847329495076586503e-03
2.701461830405581938e-02,7.631138554156549625e-02,-2.641086966913480660e-02
-3.569019724611954825e-02,-1.376927947090697546e-02,9.049292433939479241e-02
3.284996940696937456e-02,6.149248729361578292e-02,7.449593237882209951e-02
-2.287679622927041648e-02,2.712625668582477334e-02,-6.007926527484354351e-02
-4.349358572497408204e-02,-2.410224151186803054e-02,9.534254613952636292e-02
-6.372582763788348093e-02,-2.972038864934907487e-02,-1.522096066792842650e-02
-8.463916415891949499e-03,1.298735824449415155e-02,9.835511603188959451e-02
-6.028347178236259651e-02,-2.631563394611793893e-02,-6.408718025726803380e-03
-5.255278707194255272e-02,-2.490767816514351252e-02,3.916567939490592232e-02
-7.304718132970611233e-02,-4.262664532701010422e-02,-7.915116350037820769e-02
1.760727080643276210e-02,-1.168081281857448472e-02,1.060530391715367449e-01
2.314731564127758476e-02,5.394123618671493176e-02,6.590775020821404429e-02
-5.456552237551925977e-02,-1.310454879882468060e-02,-4.305430070802506587e-02
3.382479878157961667e-02,6.822525225075216915e-02,3.848121932726905614e-02
6.598244870229860032e-03,4.305764576299900975e-02,3.847072907945975340e-02
-2.949767463462360517e-02,-1.113229751893821118e-02,1.014824556633127650e-01
-6.413228656906577729e-02,-4.591054716579745509e-02,3.003346077754881494e-02
3.409186016884982917e-04,2.183612677336871366e-02,9.808867103027235634e-02
-1.515828911119743334e-02,1.943393871027285225e-02,4.792450181079666027e-02
-4.850836991464825901e-03,1.800942482076331452e-02,9.320912768057970643e-02
2.681674213556694761e-02,5.892401622570672681e-02,6.344712319307432846e-02
-2.074505843035112998e-02,3.506211326460089567e-02,-7.911669954081673728e-02
-3.988087015895580567e-02,-1.883695593170170435e-02,9.295431710115165114e-02
-6.023986486389398820e-02,-2.741004557196277669e-02,3.049459327675266285e-03
-5.268892166770977603e-02,-2.420044145471991759e-02,3.364368520815910757e-02
-3.412439623833977715e-03,4.403697645093473945e-02,-6.139300236555275680e-03
-5.404921510061211354e-02,-3.076700827679827721e-02,7.255894167265758421e-02
-4.616306621091859075e-02,-2.934392418942034786e-02,1.010622156807866046e-01
2.291916183082686603e-02,7.860889898034076340e-02,-9.640294997711179592e-02
-3.997840691649833661e-02,-5.345623857921277811e-02,1.075402601213777121e-01
9.570796603673877717e-03,3.093945926608351188e-02,9.837536831440810148e-02
2.181438128914902838e-02,4.546406774359983832e-02,9.340963732868548530e-02
-3.023305702318323726e-02,-5.593399351401937003e-02,1.050974256587165756e-01
-2.386356501252728801e-02,1.779215650518643776e-02,-5.896899409076769571e-03
-2.988182667408034038e-02,-6.428946122918213768e-02,1.023454510516392801e-01
5.931490674722206258e-02,-1.348557050792301149e-03,9.430720443692836019e-02
-4.497154586441831636e-02,-3.151531008817953783e-02,1.074188909963783023e-01
-5.468255347591555182e-02,-2.937385754847228470e-02,6.580807605929736570e-02
3.471170011528045690e-02,6.022415933184860348e-02,9.212672412334454997e-02
7.431963326394727849e-03,3.304385606029676403e-02,9.192515722023178459e-02
8.573574617816820745e-03,5.878298274646697602e-02,-4.304838512480892165e-02
-6.806750313467957447e-02,-4.440744025603016176e-02,-5.944827531891530570e-03
2.285810767846018984e-02,3.534357533895515074e-02,1.025956519631109343e-01
-4.002133019687015292e-02,-3.655444250801023753e-02,1.107987130694013111e-01
5.030037712189372456e-02,8.743585894234892630e-03,1.004615636482499574e-01
-2.188554477024273748e-02,-1.859795122020355129e-02,1.107969873779960368e-01
3.762134433610930112e-02,7.286564254466222634e-02,3.084259206212444648e-02
-5.120776846059982290e-02,-1.769154875811347616e-02,2.133791884657341986e-02
-1.543564936378949599e-02,2.885221539917751793e-02,-2.433021982799758731e-02
3.585696607976639888e-02,6.770745624137464169e-02,6.608654427025881239e-02
1.488386222568438208e-02,3.371776706419107872e-02,1.004143241172750223e-01
4.964429906753940400e-03,1.747808702953865256e-02,1.040633576123759785e-01
-7.140895849526673889e-02,-4.396071468849491182e-02,-4.142633849927307432e-02
-6.175536050599056762e-03,-6.133326359770269187e-02,1.067954478447593336e-01
-4.874457662454767526e-02,-1.022441447568815664e-02,-1.518654305193035958e-02
1.506466730002919974e-02,-1.111436095808771007e-03,1.070506572893850095e-01
1.962915407073872326e-02,7.500933281247021411e-02,-7.658740123200477590e-02
3.087160742367695779e-03,5.532379120943523021e-02,-5.060721320009121255e-02
-4.927040047317077232e-02,-1.885926727537996783e-02,3.892169815872828509e-02
-5.960788781535608649e-02,-1.669584065687836072e-02,-1.028939943498672765e-01
3.553849759892046406e-02,5.901068205998954985e-02,9.885905522720028760e-02
1.563751035526994917e-02,-3.159289920984446887e-02,1.064657114075204525e-01
-1.020251885536516308e-02,1.469951930402305096e-02,8.359454455126361094e-02
-3.968883749852658571e-02,-2.835096265453498909e-02,1.087961872141280650e-01
-1.790027539465522191e-02,2.230961059602905999e-02,1.966047488204104854e-02
-2.703786465928093366e-02,2.275312706147161745e-02,-6.006517255525729848e-02
3.239526956082039444e-02,-1.850694679166854650e-02,1.025035707975161248e-01
5.962919334113214731e-02,3.479860955891662250e-02,9.987085560325434375e-02
2.319258527864631603e-02,-1.945025989931811750e-02,1.045937303171041166e-01
-1.579475097762017902e-02,2.013055644561732860e-02,4.026837437493890892e-02
3.223721029773474189e-02,1.703353009043749589e-02,1.047007082764558061e-01
1.254480575794214049e-02,5.571147826817130638e-02,3.234955253021407073e-03
1.674847011048518838e-02,4.128851611585496878e-02,9.199557435508190495e-02
3.151507846250511252e-02,6.246974146894335167e-02,6.626600743923197201e-02
-2.020078307153341194e-03,2.519819553232156145e-02,8.356439291178507922e-02
-3.427582880004764743e-02,-6.315476492571539535e-03,6.902408145321506372e-02
-2.480437700134963119e-02,1.959778887486204879e-02,-1.440382665724011801e-02
7.565506938867479908e-03,4.269697577656453302e-02,4.775260176799001055e-02
1.872662868770424635e-02,3.991529750857792519e-02,9.766699108495388582e-02
-6.260313509977688540e-02,-5.106678226587263447e-02,3.876138504790468953e-02
-6.213831121275827443e-03,1.894496978655732522e-02,8.438238116145352352e-02
-7.272379324301947445e-02,-3.766862646735058551e-02,-1.102647823171503810e-01
-5.694977876254814220e-02,-1.945899630401472236e-02,-2.450999344792217927e-02
1.363856297611787220e-02,1.504583623885299981e-02,1.066811621186753711e-01
-6.643535183959996433e-03,4.714869340146130711e-02,-6.013811922086115258e-02
1.927996338278776265e-03,5.638100246871154131e-02,-5.987409654277796311e-02
-2.227071916812905714e-02,-4.464425724785123228e-02,1.070598595582979706e-01
4.091715834185427614e-02,8.478846516394106247e-03,1.023871847146275438e-01
-2.161315102323446008e-02,-7.316137720045351456e-02,1.024406446279033933e-01
-7.663771595858628709e-03,3.003530441977259047e-02,3.260675431346560238e-02
4.172372509070753493e-02,6.823419454734319656e-02,9.264565010894762476e-02
7.405955740684211364e-02,4.112613127494665205e-02,9.711018353196235187e-02
-5.463924078309648040e-03,2.774044616135295377e-02,5.663723593880204410e-02
1.275764412263735367e-02,3.693937615355542131e-02,9.381258717348003873e-02
-1.568470979337466611e-02,2.875061384497392541e-02,-1.474850438749834847e-02
5.081103033631018118e-02,-1.051384567917271196e-02,9.475947337950149651e-02
-6.026102176323788751e-02,-2.543025718607215546e-02,-1.479701827327613295e-02
5.031403568793346021e-02,5.309602491736391955e-02,1.009654076793174982e-01
6.024560865823269662e-02,-6.878081884436421101e-03,9.252835610340942596e-02
-6.289947921468186376e-02,-3.077503525726174582e-02,-6.041028858056851636e-03
-2.753386895599817946e-02,-7.592278869248739182e-02,9.703494432502876577e-02
-4.666599191045506245e-02,-1.960579321852636003e-02,5.674820705217459293e-02
4.950280379493443572e-02,-1.496596162129494589e-02,9.606455566058869078e-02
2.698337922968440522e-02,6.743710052075163608e-02,1.030364190962372584e-02
2.223048700492060662e-03,-2.574467896925188015e-02,1.067520774675156381e-01
-5.559390784989504120e-02,-1.966693643404383851e-02,-5.985445374892914283e-03
-2.046188226173634942e-03,-5.492814286859978856e-02,1.067738064607482162e-01
3.337573447845387092e-02,7.553007278899105670e-02,-9.503999455109990446e-03
1.974246258887179389e-02,7.524622617779624933e-02,-7.061739130937741415e-02
-5.301488842191637296e-02,-1.465112125579037805e-02,-2.214061992796589884e-02
5.775369972431327985e-03,5.209245853278889754e-02,-6.398707260991412515e-03
4.445978980846099216e-02,-5.500435157416050380e-03,9.708335619556279772e-02
-3.234998279720369130e-02,1.006101520669064331e-02,-2.368189433691443579e-02
1.417437486268369184e-02,-9.468592633522343593e-03,1.067568397392890667e-01
-6.260844746456872834e-02,-3.139581603761164297e-02,1.801395570205463481e-03
-2.914580500391938250e-02,-7.149945562569481883e-02,9.996177993575830478e-02
-4.406250743115869284e-02,-1.422822225778835881e-02,6.510172734040553522e-02
6.746502566105172516e-02,-3.196637962690443424e-03,9.121283028160639961e-02
4.518758092530761328e-02,-1.186493936253679715e-02,9.680840414524513604e-02
1.709759182815373188e-02,5.921520043538096301e-02,1.166160899611755342e-02
-4.331810392721324732e-02,2.597457430114136212e-03,-5.064487992366234481e-02
7.129960915170630020e-02,3.900434682013517729e-02,9.721947732599794945e-02
-3.959166041513029199e-02,-1.005148674603414949e-02,5.679885481638846656e-02
5.990681001080353126e-03,3.429711409652097531e-02,8.377592630629576709e-02
3.888231683071474709e-02,-1.683759959398636874e-02,1.010066690504058673e-01
-1.806701913279418203e-02,1.285061515500564300e-02,6.254116743754806196e-02
-7.269206872456412949e-02,-3.771983906049915236e-02,-6.897102348923220272e-02
-5.357127695596508588e-02,-2.191901831986139970e-02,2.003781093220718956e-02
1.238827915856454721e-02,6.338893017335375801e-02,-4.217315173738142575e-02
5.822625410381154082e-02,5.212891126748844112e-02,9.979304355445822727e-02
-1.920112930360617920e-02,1.404875399762364752e-02,5.626408844134020426e-02
-3.866064952097192364e-02,-1.713312539637537602e-03,2.083502519031001088e-02
-2.678682900973396088e-03,1.585033697475103642e-02,1.006539182509737229e-01
4.170588344124603886e-02,1.704615124080734179e-02,1.021046113560541979e-01
-3.701356603772432141e-02,-2.195623324764567341e-02,1.071887909524245341e-01
6.830434401545781853e-02,3.505745187089660125e-02,9.872674971547393263e-02
4.163939485425638409e-02,-5.432166807032012823e-04,9.964479544430565605e-02
1.291175020025158750e-02,6.348084676411400173e-02,-3.317033767675679756e-02
2.108928194817779028e-03,4.603200481930466714e-02,3.978688537808708348e-03
-2.203862822425839418e-02,1.734833532741844597e-02,2.974830911980091974e-02
-6.135974435654012460e-02,-3.344208569060684588e-02,1.361023416849165002e-02
-1.466236166050582934e-02,9.742020136245990725e-03,8.379828972651059971e-02
-8.767918197009286901e-03,4.942267087084349642e-02,-9.290445344989009535e-02
-6.622718196736043783e-02,-3.705436394964192748e-02,-6.107957683710057983e-03
3.848119656487968693e-02,6.444527925439191840e-02,9.345779146104146728e-02
-5.618078059716069550e-02,-1.088712539560415804e-02,-9.586027119096890425e-02
3.163909590546409162e-02,7.130872028587165179e-02,2.113150235786583064e-02
-3.583031857134633125e-02,4.054391957135139446e-03,-6.710486319948985590e-03
-4.964983222551654779e-02,-5.721774288863146207e-02,1.043231589546187166e-01
2.427109777282331765e-02,6.173344495497761625e-02,2.070873293076723465e-02
4.891149948181512490e-03,4.467274550434501001e-02,2.072001837355005871e-02
4.072392397687196741e-02,-1.075460354193993884e-02,9.914865040082265768e-02
7.389403600528443583e-02,3.806935383370978893e-02,9.830159742165325842e-02
-2.458887996532377676e-02,3.726482269583020895e-02,-8.759083782985223332e-02
-4.103033056887850361e-02,-1.773717629981844124e-02,8.394931529416133076e-02
-1.424982842039146727e-02,3.562023116840735276e-02,-5.133400872018296923e-02
-5.535133528830549210e-02,-3.769871045215429650e-02,8.350811673703686933e-02
1.397985990319627371e-02,6.209579303115990434e-02,-2.416661376878627421e-02
5.924996141689441859e-02,4.376621685961167713e-02,1.000041350835492171e-01
-2.360246248783559597e-02,1.000210525107755877e-02,5.725610787019330683e-02
-4.292737231221144256e-02,-7.160489256391414092e-03,2.091584637300494820e-02
6.584166982395545098e-02,2.851173684060005764e-02,1.001700027182390873e-01
-5.648394533201209038e-03,2.776641354395924244e-02,4.791168440185372690e-02
2.424222644392215117e-02,5.230516234657132252e-02,8.377369289446504053e-02
-5.495100665979801846e-02,-1.127831656496293411e-02,-6.003254588930382468e-02
3.548195749740522958e-02,6.769038369162916347e-02,5.660973475463643156e-02
-2.470457408040627190e-02,1.947782370130492213e-02,-2.481695614234100122e-02
7.893396759986456152e-03,4.181655862229834847e-02,5.643306347875998163e-02
-4.259691299096094591e-03,4.413561813596431765e-02,-1.493158831299877531e-02
-3.046654625870126240e-02,-4.597813259300537192e-02,1.080596621417170833e-01
-2.056090303406765338e-02,-4.847753931163287233e-02,1.058271703560412780e-01
-1.555615726537984758e-02,3.701594602931122108e-02,-5.900177634711312180e-02
-2.987426219781685877e-02,7.261491782778156656e-03,2.079353803533112721e-02
-2.120992302326129425e-02,-6.438309296986727270e-02,1.024097230622175170e-01
-2.545830056217220777e-03,-3.770553890125892538e-02,1.060562569157907364e-01
-9.408015443143407860e-03,4.959242317432595998e-02,-8.720683053172202659e-02
3.773745973753449973e-02,6.577918093521606391e-02,8.480194813896926864e-02
-5.507504856485323508e-02,-1.135523405311540668e-02,-6.917813383997947763e-02
3.050308368182618607e-02,7.135661976070653556e-02,1.186042448966584395e-02
-3.042817617139903161e-02,-2.785133309580868632e-02,1.098185558111928473e-01
-1.431055278171167525e-02,3.642702299551871942e-02,-1.061052753602935300e-01
4.149611168012733858e-02,4.383324809784153869e-02,1.024041778941626180e-01
-1.815508082776995727e-02,2.331308882705371288e-02,2.231200512445685735e-03
7.038152417944831818e-02,4.393782279910815602e-02,9.702866094269979591e-02
-7.074720893487708787e-03,1.993224149700208170e-02,7.748053098187743237e-02
-3.595685019466442894e-02,-6.919358167560149542e-02,9.927742551000082183e-02
3.213637935709900278e-02,7.584518802670303650e-02,-1.618164506875288677e-02
6.708875098757249855e-02,-6.718555051754490637e-03,8.997953353259982578e-02
-2.629014840149579771e-02,3.104144612523659919e-02,-9.250706098946315237e-02
-4.077694622282779235e-02,7.981775164716112259e-03,-7.845239025233056995e-02
3.217433685719695013e-02,-1.025538297905319307e-02,1.026273952908945131e-01
6.148843053826127773e-03,-2.871619851012541247e-02,1.059321964691659901e-01
-7.304914030454834339e-02,-3.715169483316639598e-02,-1.050521119396732317e-01
-5.556562333185099956e-02,-1.977976425783083136e-02,-1.567115592172733940e-02
-4.743369529573099666e-03,-5.458463072701003060e-02,1.051060635901056861e-01
1.037153672362511533e-02,4.824681576580624326e-02,3.165906086749309400e-02
-5.491054573933971733e-04,2.294164451545641775e-02,9.190772428832144625e-02
-6.146326394364642898e-02,-1.535324488742141613e-02,-8.759042938047127691e-02
3.194878461935291014e-02,-7.367998691216737228e-04,1.030062793599201554e-01
5.739816321305024616e-02,1.985774020581347610e-02,1.024427272440796843e-01
3.324823775730766789e-02,6.121816519327655248e-02,8.379994978074317702e-02
2.349276530575949290e-02,7.747494883370119323e-02,-7.854944779650252507e-02
3.240979534724131028e-02,2.622642282099355709e-02,1.043527988208629853e-01
6.719562451498506395e-02,4.303510840957833899e-02,9.800520036883331176e-02
-2.569833180275427065e-02,-6.008521630783442147e-03,9.626680674324147868e-02
-9.231653636214256012e-03,1.365463547566514446e-02,9.186777931382392182e-02
4.114235097974505012e-02,6.855796315029001609e-02,8.322324910705122814e-02
-3.032837909023400336e-02,-1.916994457130381802e-02,1.086250047576751421e-01
4.139496942494002435e-02,5.300402481980354824e-02,1.012613695996874008e-01
-6.002820306491518654e-02,-1.737275409299371409e-02,-5.103634304050429921e-02
3.025811926331544582e-02,6.530200935103569471e-02,4.857481746420913571e-02
-3.246475628747469422e-03,-8.417546534304209960e-04,1.086385776284848892e-01
4.120230587996231986e-02,3.521986521541066451e-02,1.032473496956563541e-01
1.075969696840905696e-02,3.873085376735568158e-02,8.472582665823374937e-02
1.162148451596201407e-02,-3.415894712829121993e-02,1.057698326306382719e-01
1.460907313392189807e-02,4.388075945075188555e-02,7.446127911749728101e-02
-3.468314369643665795e-02,-1.505188268188897838e-02,9.638974039567804741e-02
4.834999770117831552e-02,4.658095295565073402e-04,9.823035673885707753e-02
-5.990080505661388166e-02,-3.565453503526216927e-02,3.948967909754616534e-02
-4.276707975813620610e-02,-2.579309783496226693e-02,1.032228053400509049e-01
1.484246327169169884e-02,-1.957038899930742260e-02,1.050591706721547003e-01
-2.578876992231637910e-02,1.189951127638644301e-02,2.933474768379662478e-02
2.952057940249112628e-03,-4.455547427224482160e-02,1.072772912430167702e-01
-1.603296663392871774e-02,-7.905536729464182621e-02,1.039465002680636241e-01
-3.172357554536509028e-02,1.784207244333904652e-02,-7.824410799261809213e-02
-6.329025508957575319e-02,-3.876584783115868960e-02,2.990383221645481759e-02
4.951208708275695383e-03,6.314986998756814962e-02,-7.819763703309001723e-02
-2.313709967816757196e-02,4.451768248016213514e-04,8.375562642981279615e-02
3.603715797190964326e-02,6.665737246573966157e-02,7.070670282422586439e-02
-9.959098210360008488e-03,2.321776296365262587e-02,5.687807723886570410e-02
-3.339909526759999182e-03,6.967690993475397776e-03,1.075812685128066382e-01
-3.117403825720421739e-02,8.528837100851380248e-03,-6.094406108761329932e-03
-1.555257256052333323e-02,-4.300607240291712263e-02,1.066573973466474756e-01
-1.008369515271811956e-02,5.464101542873439632e-03,1.071471199150557663e-01
-2.460775320174638219e-03,3.401421004722956359e-02,3.862019540115987914e-02
1.465018803485729389e-02,-2.802543785246260077e-02,1.052773020586385555e-01
3.884450432865581976e-02,7.030118549326630495e-02,6.606823564338010213e-02
1.552716631659090327e-05,-4.687112528113474008e-02,1.067266347115616576e-01
2.299283147728003324e-02,7.855246854054119543e-02,-8.683805374299993773e-02
-3.912465821459375909e-02,-5.760547300108767588e-02,1.056594280569796707e-01
8.226665480900454200e-03,-2.075051729061648531e-02,1.059082197926355384e-01
1.793533737409324855e-02,4.968386190094955385e-02,6.464063281445359133e-02
-2.047657990479278406e-02,-7.928325890448359448e-02,1.013970493855931576e-01
-4.905806146010815300e-02,-4.558185353720209387e-02,1.095083108123552085e-01
-3.066287530439803719e-02,-3.657604866064148585e-02,1.101461396280384308e-01
-1.234431652017297688e-02,-5.528480881780117873e-02,1.045000741616965156e-01
5.052350031640340244e-02,3.498407675732121552e-02,1.015068461141129808e-01
-1.290845589677014175e-02,-1.881384275084745095e-02,1.108433186960788575e-01
-5.420164639706281234e-02,-4.677709332168936140e-02,1.074392070038942548e-01
-1.360696053505094927e-02,9.036436156525745611e-03,9.329609507200040119e-02
5.055626496495557731e-02,2.563231436768426130e-02,1.015109116995511485e-01
-1.250086908958947078e-02,-2.794756578012791426e-02,1.091834643415791339e-01
-3.648334846814703901e-03,-9.611862197628578963e-03,1.094033504164213244e-01
-6.543738849118985179e-02,-3.677254711989917657e-02,2.500445748732635365e-03
4.107494566515478701e-02,6.204324734584780454e-02,9.959529588596552352e-02
2.140918694818716092e-02,5.489337123912460537e-02,5.738789269434785290e-02
2.517722317085412803e-02,6.116258780708276610e-02,4.780035217179795515e-02
-5.723030511299853629e-02,-1.062227743220522935e-02,-8.677759468296304679e-02
3.326890418508487296e-02,6.956091282726947767e-02,2.950351177790838664e-02
3.042173469818272840e-03,4.570368500127471034e-02,1.198397520627199342e-02
1.509321877360913708e-02,4.299218783019764095e-02,8.390997630182900346e-02
2.339920052654997917e-02,1.722561220222264267e-02,1.056617811884037750e-01
6.998799308821856101e-03,1.308882537609323826e-02,1.067681387126570292e-01
3.848181994584953108e-02,7.135981642014051218e-02,3.889632781732274558e-02
4.208564197489822814e-03,5.449246427347326227e-02,-4.208714150392189185e-02
-3.894968281402343829e-02,-6.356946919628275738e-02,1.026720242065750632e-01
1.025714484842453781e-03,1.195022056050670800e-02,1.058853127058387300e-01
-5.154873338520815640e-02,-1.685141618532291774e-02,1.214649505771719928e-02
1.940523126130155526e-02,4.781265653534996080e-02,7.746792672163946292e-02
-1.185828531636179406e-02,7.456005884181798882e-03,1.015796346015378493e-01
-5.388669726560050416e-03,3.639939231264788938e-02,1.166915251646576113e-02
3.947188470400053023e-02,6.891763903907605071e-02,7.487484394088167461e-02
-4.045107927737929925e-03,-4.613512210038561712e-02,1.055042797016515488e-01
1.996139549135356184e-02,5.899704968496913282e-03,1.064219891292737252e-01
-4.450610484605055372e-02,-4.668920542628823833e-03,-1.482116220521344230e-02
1.842572731544955822e-02,1.129583592255847813e-02,1.061188141492812875e-01
2.355576716385676325e-02,5.282182069782620504e-02,7.471256440375673158e-02
-5.352053203233420042e-02,-1.406227222868880466e-02,-3.499870896568027523e-02
3.468480632630132482e-02,6.770052112362145991e-02,4.747630433507155079e-02
5.480184053523236981e-03,4.393285934189235242e-02,2.998306251637175568e-02
-3.679546912867423265e-03,-3.705049133316505594e-02,1.066035130970200973e-01
-5.673166911828585873e-02,-5.268904857540918085e-02,1.022288191199734464e-01
-1.575572931935331766e-02,1.742296980421026431e-03,1.033455521566124802e-01
1.391159053288926195e-02,8.018579705466294394e-03,1.075331873614705502e-01
2.368368850886636706e-02,7.775515466520721564e-02,-5.961564427728172078e-02
4.067518237932945049e-03,-1.850400737724991473e-02,1.071125608755411629e-01
-3.226514277594526997e-02,-5.188162017491079747e-02,1.068037400298024742e-01
-4.374088241172358060e-02,2.941127558175188339e-03,-8.388452357089160039e-02
-1.370384130370826820e-02,-7.239084151211566676e-02,1.041013706143072426e-01
2.216908348241930851e-02,-2.627777131194908300e-02,1.047015014206847394e-01
3.197984092820049112e-02,4.418666171812656723e-02,1.026204861453472450e-01
2.769656651208740258e-02,5.749697354791022397e-02,7.900809713249029587e-02
2.813515764722828924e-02,5.722970974293203894e-02,6.930915049331970446e-02
2.819363625141057747e-02,5.725043655550614285e-02,7.487092018713970010e-02
2.366879100502416317e-02,6.146063610262461618e-02,2.983100074829725390e-02
-3.589934618423251678e-02,4.135535493430861353e-03,2.818820900585397582e-03
5.012030452145021381e-02,6.039148859927090385e-02,9.972266324452869202e-02
2.352662637143187671e-02,2.589995223874522190e-02,1.051413635243470812e-01
2.312473765584710517e-02,-9.978946579432365627e-03,1.052872706556422233e-01
1.440207391581682476e-02,1.826534782494486364e-02,1.056908406565139624e-01
3.019643094840329320e-02,5.466048253956790060e-02,9.345525855621911182e-02
-4.844042014975446370e-02,-5.315492048278352977e-02,1.079614503488295629e-01
4.643637772699044444e-03,6.216618330411324833e-02,-9.656236246339812423e-02
-2.658701390216133831e-02,-4.653387349371429504e-03,9.110312961452801672e-02
-2.035016673813505594e-02,-2.143841258309700515e-03,1.016651350160546752e-01
-8.737199593908619513e-03,2.227146133981257325e-02,7.203954174636398311e-02
-1.317782881018036978e-02,-9.793746310842482705e-03,1.106260916835555552e-01
2.761811743466565522e-03,3.815501237430530407e-02,4.789153184573557986e-02
-1.130771585005108451e-02,4.265277852891012633e-02,-6.030968829955684479e-02
5.341588515839549439e-03,-3.928149647944574607e-02,1.069647579883640232e-01
-3.595187463772850540e-03,-2.819675665917829865e-02,1.073473462975139681e-01
4.734614209907945029e-03,6.273233732469157831e-02,-8.733002337986787988e-02
6.489142232393452225e-02,4.947820254612005086e-02,9.758062783649107397e-02
-1.215013190773960895e-02,-6.423376468096383962e-02,1.040972645725875556e-01
-2.233329864956068445e-02,-5.560331952663283284e-04,9.330219958394614377e-02
-9.166340505081695469e-03,2.300653941483531140e-02,6.567734622034054892e-02
5.603357506316797298e-02,5.374810966051912775e-03,9.887150605363953515e-02
-6.024762957209383457e-02,-5.143855194277760501e-02,9.330131166000646403e-02
4.514823525658964249e-05,-3.191182896139320435e-02,1.059635402362900658e-01
-4.494906837940849421e-03,1.119865380069927363e-02,1.048066373682498553e-01
-7.112933517580577458e-02,-4.464761687307328142e-02,-4.950581096495682010e-02
5.050785169235605387e-02,1.705094696023602696e-02,1.019148947844450426e-01
-7.030164087879148607e-03,-6.115869994568759460e-02,1.057747207891056307e-01
3.715157245357868926e-02,7.371960467371344028e-02,2.453424156501407549e-02
5.458089518014737178e-03,5.345109670332275076e-02,-2.415672398943254084e-02
-5.014942958424606356e-02,-1.836040023744903160e-02,3.016947026664046350e-02
-1.617703801419346013e-02,3.896670501829864464e-02,-9.948801023493242246e-02
-2.824807998472433912e-02,5.557301314026194539e-03,5.651090692336288579e-02
-1.186795988226018936e-02,-4.702309370486437712e-02,1.049575716247891921e-01
-5.971171827376298147e-02,-1.762036926495046119e-02,-6.889744530888505802e-02
1.397857612941910514e-02,2.644016801097712199e-02,1.045724330148399828e-01
1.694136183639648879e-02,6.854625421219545656e-02,-4.237865772911640627e-02
-2.683866301375947838e-02,4.579869364233823958e-03,6.346728621050404251e-02
2.456168663495883128e-02,4.322885229262656698e-02,1.000040381151831859e-01
2.381076272445203923e-02,8.422376538078354957e-03,1.052660673110914769e-01
5.021473944633114000e-02,4.409197946848179839e-02,1.018101858888063038e-01
5.164180360935023174e-03,-9.749549481490704661e-03,1.084043209337764435e-01
4.287808752030552312e-02,6.759881377331906915e-02,9.869313330029697018e-02
-5.372844670139442086e-02,-5.161663502739327614e-02,1.069073031147484421e-01
-1.230818923707788573e-02,4.333037699108374663e-02,-6.973168446158159450e-02
-2.712706907635187292e-02,1.378834202097901918e-02,-7.588732658695418465e-03
5.461097243187221922e-03,-3.522513712930670782e-02,1.059986545224198828e-01
-1.249610147486001840e-02,-3.671768061943052330e-02,1.075772201160732910e-01
-3.137580313037813262e-02,1.722781732511306785e-02,-1.047528072860648279e-01
1.268466975961313539e-02,-3.540165060155597843e-02,1.068467762730940518e-01
-1.198353498077986759e-02,4.478928267378765732e-02,-9.618788162497354799e-02
-9.671292341342670879e-03,-4.107005645299263707e-02,1.060453660907366702e-01
-3.869832860142754464e-03,2.615162436570880877e-02,7.507235889826147091e-02
4.800738411135258357e-03,6.184907098323485369e-02,-1.043764825052760359e-01
-1.821149433479485324e-02,-3.732485191463019714e-03,1.071377123236902096e-01
-2.828064051512668708e-02,-3.638344968445852978e-03,8.292437175777056524e-02
5.046392400583882927e-04,3.086169353865986231e-02,7.419159087268220598e-02
-5.850434241501267091e-02,-4.622923089287481191e-02,9.271076075649339887e-02
3.880994059354047482e-02,7.065223035907072791e-02,5.678980878679248945e-02
-4.645367342747042105e-02,-1.981321707206631921e-02,6.580338426772405769e-02
-6.904167466297017608e-02,-4.457438753968709366e-02,-2.431105241891512447e-02
9.261134064410309411e-03,5.839696045230322041e-02,-2.628944561299860483e-02
-3.399842052010271232e-02,2.420880818206322393e-03,2.148459413077258295e-02
-3.368651704522185319e-02,-1.615144206821277073e-02,1.027685728743882865e-01
1.347223308818268003e-02,4.458082767770781690e-02,6.565105582034172493e-02
-2.551514766065455034e-02,2.100980434712823586e-02,-3.930507128742422029e-02
9.342228870709009397e-03,3.982818815871184276e-02,7.179295244347239091e-02
-6.246021334032080680e-02,-4.449526626370639559e-02,5.574192654383036682e-02
-3.373034314873790684e-02,-7.188733402197014510e-03,7.534124796390451184e-02
-7.037525436087233022e-02,-4.338286673118899039e-02,-5.170600056573650127e-02
-3.362988240029940457e-02,1.305072171949209214e-03,3.018463619996292202e-02
-2.696958746256694975e-02,2.232504858043493634e-02,-4.358210767435433813e-02
-5.880318635303627417e-02,-1.826137909867926734e-02,-4.211260482431625901e-02
3.118575726545946142e-02,6.404406104037406455e-02,5.691881285405811508e-02
-1.158247232088760632e-02,1.639178297753023095e-02,7.432961433320836586e-02
-1.523972800919038036e-02,1.070838594022462120e-02,7.586276929230312271e-02
2.907101348975815042e-02,7.497225751174578512e-02,-2.080403124436770723e-02
-5.890746897063040693e-03,3.765681399506269622e-02,4.705696797638658779e-03
2.647662257692261906e-02,7.645489121437125390e-02,-3.353212356215012901e-02
-3.692599385677741708e-02,-1.190100733724917814e-02,8.352720027364315958e-02
-2.492678591016339942e-02,1.995657591470738346e-02,-3.262318222333364381e-02
9.346546127802054377e-03,3.997468790243068754e-02,6.566010775242259179e-02
2.031873611642753472e-02,5.645674675623851141e-02,4.107490196042495878e-02
5.006241101185301273e-03,3.574612579681767793e-02,6.581971944424444554e-02
5.228517308509034525e-03,6.229198646442288267e-02,-6.898924639071919718e-02
-2.408484377899577922e-02,2.118231646413795688e-03,7.633068793690037102e-02
-7.078241066207069387e-02,-4.272963338903590369e-02,-4.416834107548568700e-02
-3.324531463381763530e-02,1.115025839976080402e-03,3.877508670886553599e-02
2.892597048537126278e-02,5.650482721881609771e-02,8.506061732256856023e-02
2.556370496179693336e-02,5.962868864422950221e-02,5.637051073394688805e-02
-5.442529196438317118e-02,-3.021896090641465471e-02,5.718555920533560655e-02
2.145029090043092806e-02,6.429205830799109012e-02,3.141214534266231762e-03
-4.912982126601450616e-02,-2.815621443478452668e-02,8.384138120338208156e-02
-1.288127696593632798e-02,-1.252909442640240401e-03,1.087395742220907957e-01
-8.630057410363739957e-04,3.183630584499740068e-02,6.449607425810580108e-02
-4.792901008910946219e-03,2.742353289948529921e-02,6.617292621531220553e-02
-2.966035489648155554e-02,-1.660488217468350514e-03,7.467567901453811552e-02
3.875441460120942344e-02,7.087456664648839055e-02,4.781428663291253933e-02
-4.684461508031989574e-02,-2.084145126573029583e-02,7.485670109708139619e-02
-7.014174062323019765e-02,-4.360654845067182817e-02,-3.092042943137250643e-02
8.990631308749103337e-03,5.898413561815801787e-02,-3.335024002007414001e-02
2.039250171638662401e-02,-2.463028400813291330e-03,1.064031783701777922e-01
-3.450834220533360863e-02,2.775254474590954645e-03,1.377423376275815903e-02
-5.968842184245947563e-02,-4.571789049903585145e-02,8.421877449950768146e-02
-6.228740282710475834e-02,-5.078195224693859977e-02,8.913981375331792023e-02
-2.099322192162577858e-02,-5.496762799374141362e-02,1.043794363237596223e-01
1.086040932275611146e-02,4.722838747447138247e-02,4.813691699049488237e-02
1.625354538884215758e-02,5.057644421533848827e-02,5.644859289964784810e-02
-6.234135362903902439e-02,-5.000313653452059803e-02,8.852558830436357828e-02
1.454495421647927257e-02,5.246110308704697578e-02,3.856038416921406253e-02
1.211748853424509872e-02,4.586529824627983559e-02,5.779681807811559713e-02
-6.227763494556303597e-02,-5.011226614679298308e-02,8.501165786777339917e-02
1.406465300261838282e-02,5.313597013790821721e-02,2.989227007067274400e-02
-1.338507959241586227e-02,1.682738815978253311e-02,6.571578828583246601e-02
2.570706360033758048e-02,7.702408080356308584e-02,-4.187382706990332160e-02
6.199431033942934439e-03,2.527433323588355180e-02,1.010290841087802816e-01
-3.809452950535374693e-02,-1.177923077754679249e-02,7.424432774373965205e-02
3.574374760454853989e-03,3.710559101840416041e-02,5.732272373399466270e-02
-1.675180093338612952e-02,1.213543223510808733e-02,6.727631872274608682e-02
-6.113107770901415883e-02,-2.461907896179631183e-02,-2.337029586954822435e-02
2.129383153513053281e-02,5.533429229740984695e-02,4.773853597447846875e-02
-5.119981400267759053e-02,-2.563671290360269861e-02,5.639865852657580114e-02
-5.833572307668533075e-02,-2.803863688424687584e-02,1.207206771608282381e-02
-1.372462619092076940e-03,3.301263745728905824e-02,5.655831973866126683e-02
1.660030936691880149e-02,6.891627223538107638e-02,-5.192696673489268638e-02
-2.620714038109661637e-02,3.527568632467448229e-03,7.120462246134845463e-02
1.489172101599677868e-02,5.146716217408055932e-02,4.776274187609177990e-02
6.429656392149202607e-03,6.093015632520610431e-02,-6.036861497601344467e-02
4.181827518821035206e-02,2.599629448960436018e-02,1.027441079343940633e-01
-2.593001671495498428e-02,3.282433185688382604e-03,6.998126186841580054e-02
-6.082295681017124700e-02,-3.434701468397143020e-02,2.976776586119567192e-02
-5.274147088952962914e-02,-3.316907945948481540e-02,7.777560560252033683e-02
-6.000150358011523827e-02,-4.602736806275017911e-02,7.481461259998975488e-02
-3.061832801017905226e-02,-9.842034899465446074e-04,6.559467557998899245e-02
-6.100106027808915171e-02,-5.102085525343846850e-02,7.383193602847215598e-02
-2.202280537683953474e-02,-2.773785589821063657e-02,1.107382217458058038e-01
-1.417278153887347077e-02,1.833288670442420609e-02,5.714399476218515184e-02
2.613214501003157525e-02,7.676262992358955095e-02,-5.157783654693546410e-02
3.708132549019913134e-03,2.726500289830676577e-02,9.328056720232810739e-02
-3.913927609659106910e-02,-1.022659179459410594e-02,6.586753148543231240e-02
-6.058841321793173584e-02,-1.620339377142911153e-02,-9.673672855839711426e-02
2.910323868896979443e-02,6.586619296336140850e-02,3.926514597481223223e-02
-1.848616458885499539e-02,3.241430544669581665e-02,-1.044499622487928131e-01
-4.372850972373321099e-02,-1.555852929414648644e-02,6.719463922199447881e-02
-1.688851766230081708e-02,2.991869534395175112e-03,9.700072957352029457e-02
-1.277677144386982471e-03,3.354758349896405645e-02,4.760502525172097266e-02
-3.535567247379600708e-02,-4.858637216027805739e-03,6.289957643629298656e-02
-2.191997546101731240e-02,-3.679668574759531463e-02,1.096636671561987686e-01
-6.160091258517607499e-02,-5.087207388529962904e-02,6.671080083053335108e-02
9.424159303772711507e-03,6.693121118316849860e-02,-8.036961862783048582e-02
-1.863227726750238400e-02,5.295563652509188701e-03,8.382006046899251328e-02
-6.058494462796758934e-02,-4.564165340832965212e-02,6.597402956313322409e-02
-7.015761437252476806e-02,-4.387834914705895928e-02,-6.006933246325381337e-02
-5.336834942619161914e-02,-1.417626151084006025e-02,-1.943496495150864867e-02
2.367051267487474409e-02,-7.377611964071578710e-04,1.056954880154233889e-01
-3.271104156545057151e-02,-2.192701164693833249e-06,5.720138168004351709e-02
5.522317056117342221e-02,5.790032766553626642e-02,1.005704324296126106e-01
1.064010689919980476e-02,4.752710102378188833e-02,3.981814707478861792e-02
-5.783298364487299281e-02,-1.876685922623476388e-02,-3.312273085340568246e-02
2.896707722866120188e-02,6.562442330380699462e-02,3.036764650862713855e-02
-3.575302798355517453e-02,-4.461647741349383800e-03,5.648907064221261876e-02
2.059885694643100867e-03,3.847931883361239980e-02,3.961939505867309586e-02
-2.065460952150988128e-02,1.496570997061297259e-02,4.751868442823689587e-02
-3.822326194377911879e-02,-1.190644407246005398e-03,1.136215036927461230e-02
-4.348915680090292835e-02,-1.512508688066806217e-02,5.697757646220871774e-02
1.890861198834203546e-02,5.763741786377107879e-02,3.502614492343136821e-02
-1.386221283910671516e-02,2.743925326985136720e-02,1.183899902779497748e-02
-6.110869456957545437e-02,-5.130277256364185190e-02,5.652570516963761893e-02
-6.427732422377488257e-03,2.919127137533591987e-02,3.974033495038498121e-02
-2.470410786938437298e-02,1.063401028568129736e-02,4.843104561100008976e-02
-4.288508362229015436e-02,-6.538441960131952113e-03,1.184208697617868122e-02
8.905855026010373390e-03,6.758055485574432364e-02,-8.770538911302197538e-02
-1.824571684836229224e-02,4.979446064622056189e-03,9.184056289571265741e-02
-6.149824924197355019e-02,-4.673721221366072820e-02,5.874537529938936298e-02
-2.823611602615805349e-02,6.748470171233991732e-03,4.731358018849005087e-02
-1.192163655396760898e-02,2.501806493471511739e-02,3.874367352835839107e-02
-5.210586015123308545e-02,-1.593691012762864234e-02,3.106264467345062896e-03
5.128547004998428548e-03,8.193023542512736790e-03,1.080541451419218257e-01
5.669773667974937863e-03,5.235009824755559177e-02,-1.514196755062149902e-02
-4.707826963564789831e-04,4.055965389218533362e-02,1.896528831704273610e-02
-7.061950942886907612e-02,-4.390661498920964134e-02,-6.532970278837682554e-02
-3.283929007944108580e-02,5.238489091562437139e-04,4.774021181270679537e-02
-3.652730262333780953e-02,-3.916589324415215012e-03,4.706204040429629032e-02
-4.054218340741377880e-02,-9.987035986303113844e-03,4.811641426569213120e-02
2.753844836207407915e-02,6.705881359290444266e-02,2.019443037060852930e-02
1.335419989933136348e-03,3.892948015857102678e-02,3.138978420522819945e-02
1.231809207088648038e-03,4.806881632042553365e-02,-5.508717082267383658e-03
-2.172161936233929502e-02,1.661522459334904833e-02,3.850426818871566237e-02
-4.038927167325478962e-02,-8.720945718605072061e-04,3.415687800934499863e-03
-4.346856885353844735e-02,-1.510079586467118207e-02,5.048988942977924999e-02
2.586059364109315889e-02,6.800137783702092653e-02,3.056862192777037857e-03
-4.782513146876077315e-02,-1.927493173158616180e-02,4.771416589240662365e-02
-6.218132178015999684e-02,-4.064835880634240506e-02,5.563975694025907748e-02
2.178097289790847241e-02,7.312992452093848572e-02,-3.288071407894585518e-02
-4.549383667856843338e-02,-2.198950581407907445e-02,8.319952460166643582e-02
9.502360417602547654e-03,4.895543114758318243e-02,2.742173440553749564e-02
-3.526277610993336625e-03,3.481847759785956092e-02,2.973262490083025678e-02
-3.633547404199076111e-03,-1.901128193376074027e-02,1.088924661504256930e-01
1.411703586748824270e-02,5.338283198633300697e-02,2.052239853641994738e-02
7.421688655375968668e-02,3.969120246555959269e-02,9.802375169921140330e-02
-6.158894788546997318e-02,-5.118884486955280200e-02,4.900829432557485266e-02
3.195960770101013287e-02,7.586366506004277310e-02,1.782813440116200188e-02
-5.636612024945897303e-02,-2.843783442895339575e-02,2.057685010559436034e-02
2.601460389547327265e-02,5.058859912750006405e-02,9.166883780747381305e-02
-5.171209171592983100e-02,-2.578234632297961293e-02,4.840569673305730736e-02
-4.764333220825744952e-02,-2.807582533220513710e-02,9.258948383947929184e-02
2.315405885320519913e-02,6.279151961858678299e-02,1.226254582596002229e-02
-5.446725902226801086e-02,-2.992792767182675395e-02,4.744905105388186328e-02
-2.216037097060685745e-02,8.622018762581340479e-03,6.615184946806565436e-02
-6.181654246619360665e-02,-4.596431598303002408e-02,4.736669769890403114e-02
3.242566218803788480e-02,3.493304199380746489e-02,1.036370977957577488e-01
-2.584715523888425626e-02,1.177995759823791122e-02,3.754070898990399807e-02
-1.127895564772785422e-02,3.462582014967238025e-02,-1.519919414546466729e-02
-5.155293646723380085e-02,-3.463603320595760870e-02,9.347217208327904259e-02
5.213749769943842871e-02,-1.973135100260522967e-03,9.617210864500208567e-02
-5.931548429670585598e-02,-3.658030071975143516e-02,4.784412240772650815e-02
-3.239845023949439184e-02,-7.793103099636072839e-03,8.481199329744748550e-02
-2.091232269124110310e-02,-1.045520732278844289e-02,1.086821636423947190e-01
-6.231085460984630425e-02,-4.603943460098347540e-02,4.768008558193376212e-02
-5.566626204431623925e-02,-1.191080015285597704e-02,-1.027658908197801174e-01
-1.241657448491651113e-02,2.599533642420570612e-02,2.991980140480943184e-02
-1.230160858559492879e-02,3.601503455855138702e-02,-1.105269189801009466e-01
-2.856822079681675675e-02,7.263601593852045402e-03,3.851989024415686247e-02
-4.443441710073214868e-02,-1.401316316148414065e-02,4.493699887945318272e-02
2.339055519084941998e-02,7.024012420704392468e-02,-1.521170229708780630e-02
-3.681074500124414950e-02,-3.387082537981533914e-03,3.875602492638774432e-02
-2.786712324716134059e-02,1.491689150887863524e-02,-2.397671706578510809e-02
-6.214783820417423693e-02,-4.121553940989280962e-02,4.782377227612646942e-02
3.254034429040619097e-02,7.567463905745108743e-02,1.268205700923925872e-02
-5.253330017561197440e-02,-1.505210131802263429e-02,-6.199826979008879468e-03
-8.523141047173146386e-04,4.114898272941917845e-02,1.202088457600808402e-02
7.246536043014169086e-03,5.056601500264112925e-02,1.158281653573013659e-02
-1.343943300941186428e-02,4.500083259228871563e-02,-7.768882519396783093e-02
-2.620595913258660925e-02,1.311171636351241010e-02,3.752671359177398025e-02
1.895342736346838572e-02,5.742988736763135482e-02,1.784611137122793512e-02
-1.521531840257572994e-02,2.811242431213999832e-02,-6.162046631397979923e-03
-4.586627336247527803e-02,-6.087328250035142774e-02,1.026201982130760804e-01
-8.501179219935210002e-03,3.076813282239588415e-02,2.758053076015512528e-02
-1.711583680109729846e-02,2.183558520791675783e-02,3.480370663773346696e-02
-4.134697074544102513e-02,-9.546925723785126827e-03,3.895141533384285926e-02
-6.234760536042826401e-02,-5.102350963238691528e-02,4.462320894718074804e-02
-4.353044918418595005e-03,3.619891922605587148e-02,2.110388946491287276e-02
-1.749765485017796066e-02,2.171306716819974836e-02,2.920366229019175086e-02
-4.480017133253821893e-02,-1.373845917067997857e-02,3.891040062100409314e-02
1.286360924527740236e-02,5.424131731872199047e-02,1.274229378926475253e-02
-2.446292791495452423e-02,-7.407089045298534402e-03,1.032801833210631459e-01
-3.078621034454231964e-02,-9.834418733592545370e-03,9.281628672880054554e-02
-6.307104032863486420e-02,-4.578343158611683505e-02,3.886276313894745926e-02
-1.614079153876291431e-02,3.779273759920883519e-02,-6.946068152562608067e-02
-2.892155984112243505e-02,7.621744719616865837e-03,2.976450105973094118e-02
9.844047106042136744e-03,6.653882582038588012e-02,-6.760111959529135905e-02
-2.037611120390403485e-02,6.634487775134714771e-03,7.426842936553026964e-02
-6.194959673015697915e-02,-4.301577399941264312e-02,4.296126756561124971e-02
-8.995570069992301493e-03,3.179029892662856016e-02,2.050067049253120888e-02
-1.322312315547702517e-02,2.640944732790219407e-02,2.095377296456667204e-02
5.974025788758048454e-03,5.138608552471873175e-02,2.698246271196164114e-03
-2.615580040470692497e-03,4.262316101317280975e-02,1.971486111880471626e-03
-1.026052101207742054e-02,4.175017181707840058e-02,-1.040665062744209335e-01
-2.613329248105267233e-02,1.295044735659192647e-02,3.164642535180783867e-02
-3.165808023050820097e-02,1.823131498462349231e-02,-5.084442893762444043e-02
-6.288939493449796636e-02,-3.968097399982799256e-02,3.749865734712490295e-02
-3.820278538076682384e-02,-2.907308772887778892e-03,2.935635403702832602e-02
-4.210552717862214855e-02,-8.075098564352081731e-03,3.106762181762595665e-02
5.238584309359750613e-03,-8.171002149677392135e-04,1.087586175533578337e-01
-2.171837394030029511e-02,1.695719110609116009e-02,2.065667286773813227e-02
-4.595180378906082996e-02,-1.201710404621446349e-02,2.927450441737414200e-02
-1.078575855405061908e-02,2.374176127847048984e-02,4.724192198352947236e-02
3.148284361687635896e-02,7.246663931770506994e-02,-6.003797029750082559e-03
1.937389869960659192e-02,5.710417503272582906e-02,2.960282688729609646e-02
-6.245084852390780233e-02,-5.125882089719702162e-02,3.061118004370561030e-02
-4.744994829785453838e-02,-1.070664884384851800e-02,1.131458627202931722e-02
1.684567321720786132e-02,5.971986181866928423e-02,2.164528788391517633e-03
-2.558944036018206969e-02,1.179815283902896361e-02,2.058919286225997791e-02
9.332252731893194569e-03,4.886382525730598864e-02,2.240917980230267004e-02
2.494273612200269968e-02,6.853659640407172571e-02,-7.164921836724597037e-03
-5.047384594967729843e-02,-3.600898281447759142e-02,1.023031996026221302e-01
-5.627476381859497501e-02,-3.713624647436321313e-02,7.496852577708398857e-02
-9.481435029578769852e-03,3.205526342821913427e-02,1.148130214381030967e-02
-5.360332819936242110e-02,-2.283841739675833427e-02,2.851448345756574243e-02
-6.162358786838150609e-02,-5.223238322366580144e-02,2.753799263705214440e-02
-5.607782445490716583e-02,-2.846688200391365997e-02,2.996575403416809613e-02
-5.074010047948707136e-02,-2.760588154154793028e-02,7.548532281873029937e-02
2.722508546286194972e-02,4.903160308760858010e-02,9.828232017015062216e-02
2.076578524373028783e-02,6.531739802829532315e-02,-5.211444200613590816e-03
-1.794189267966273330e-02,2.279877618473374196e-02,1.179082813440442135e-02
1.569038894800622169e-02,6.083984876771744710e-02,-6.384122029817404509e-03
-2.268190158887639640e-02,1.710383940805686176e-02,1.191450377069845634e-02
-6.196270853488882596e-02,-5.203509337248390931e-02,2.437305698138303445e-02
-2.562253119024238135e-02,1.186316314401396343e-02,1.537097080928655213e-02
-4.673172700728145390e-02,-1.165237156925362505e-02,2.035632212441976230e-02
1.932840347792308053e-02,5.729586965917093239e-02,2.039010520292315609e-02
-6.294676868162529804e-02,-5.170798729796816096e-02,2.143731185822039809e-02
-2.833428111784019876e-02,-1.321166954821165196e-02,1.073404665275171366e-01
-6.532185006453039566e-02,-4.565718808394447770e-02,2.048526796308167142e-02
-3.071320733510318757e-02,8.055978520977238877e-03,1.198843676343118447e-02
1.132070364221926008e-02,5.633711135211702525e-02,-5.233122708038259741e-03
-4.747519305830749659e-02,-3.762771393425479172e-02,1.086592079852314041e-01
-5.773549062176219770e-02,-3.724337759764376199e-02,6.561786968226165917e-02
-1.068756857709208044e-02,3.398592704490625838e-02,2.534811777898410279e-03
-1.386982679759629980e-02,4.573558108632728297e-02,-8.657089067838724672e-02
-2.648400093710057135e-02,1.283637166726234180e-02,1.062882557946434603e-02
1.993343026375648738e-02,4.713697764255132122e-02,8.506997043591793539e-02
-6.085326581771133281e-02,-3.457604297374876345e-02,2.099035976758539812e-02
-2.906195509634768026e-02,1.554708431302843918e-02,-3.375606836600822391e-02
-6.407930591321675529e-02,-3.895548824735507731e-02,1.958993499350963896e-02
-1.545743995043247394e-02,2.782408408095286834e-02,3.368748809439076064e-03
3.253444369637792377e-02,8.085826183136371470e-03,1.035580582924778559e-01
-2.262735394379911114e-02,1.746158976681580488e-02,2.542116561192214741e-03
-5.144966052874544449e-02,-2.511556880890065957e-02,6.653485075788981296e-02
-5.558564260048781680e-02,-2.948515666582525452e-02,3.866547859448643543e-02
1.927622928054672363e-02,6.623887631880610860e-02,-1.286158042100853105e-02
1.524229523976527480e-02,6.191956499015932591e-02,-1.507875146261222765e-02
-2.622588446905838033e-02,1.282110297973926283e-02,2.291980338592181088e-03
-1.672745596387826064e-02,3.734632101457330960e-02,-7.411566105693512263e-02
-3.052114787308912724e-02,8.478756879501531118e-03,2.779441275748070761e-03
2.950430509155620856e-02,7.658113167091083751e-02,-2.323868494745627566e-02
1.861569079083357642e-02,6.674301380765254588e-02,-1.692909526705854706e-02
1.069498426758341315e-02,5.660538153411567852e-02,-1.548042371704666520e-02
2.406706971401206124e-02,6.117275389317131107e-02,3.868104843723552122e-02
3.254044166305424673e-02,5.246270842793059053e-02,1.002303006387680606e-01
-3.560724417048322099e-02,4.230931723261166510e-03,8.689188258247076968e-03
-7.255054881798006505e-02,-3.717652868248709497e-02,-7.826681800261245381e-02
-5.503228523131831196e-02,-2.120733305823253867e-02,1.097950870800599998e-02
-4.472760686739851721e-02,-2.301888245705230318e-02,9.015918259852204186e-02
2.239325377321964988e-02,7.175596065554273872e-02,-2.391061281947609585e-02
3.010231069840939994e-02,7.423310108686967390e-02,-1.448366056961659931e-02
-7.457447201324244462e-03,3.881644033268110555e-02,-7.412546388370952477e-03
-5.246934662668778504e-02,-3.331551161958060114e-02,8.448787948816885440e-02
-5.915921801572288086e-02,-3.669701177228888722e-02,5.696044268020597490e-02
-1.104780852940323924e-02,3.442561518528113040e-02,-6.028057970481906502e-03
-6.838849293177118316e-02,-4.419484629470213366e-02,1.236933184682154074e-02
-3.132202263149308497e-02,1.813185088919282151e-02,-6.032005076272047711e-02
-6.568233916052546029e-02,-3.713218853949282194e-02,1.198085431462879435e-02
